AgeInDays,BlastFurnaceSlag,CementComponent,SuperplasticizerComponent,WaterComponent
-0.1584461785778044,-1.1916571115246206,1.7803630170182545,-0.6647103287907604,-1.0604954263017734
-0.1584461785778044,-1.1916571115246206,1.7803630170182545,-0.6647103287907604,-1.0604954263017734
-0.1584461785778044,0.5999045968664607,0.43905143928685975,-1.243402122996029,2.1907927676004246
-0.1584461785778044,0.5999045968664607,0.43905143928685975,-1.243402122996029,2.1907927676004246
-0.1584461785778044,0.5333191356132541,-0.8783829907484595,-1.243402122996029,0.46193496941646706
1.1315968367649079,0.39918661027989205,-0.14377458813713676,-1.243402122996029,2.1907927676004246
-0.1584461785778044,0.23857994759305384,0.7922113234537806,-1.243402122996029,2.1907927676004246
-0.1584461785778044,0.23857994759305384,0.7922113234537806,-1.243402122996029,2.1907927676004246
-0.1584461785778044,0.39918661027989205,-0.14377458813713676,-1.243402122996029,2.1907927676004246
-0.1584461785778044,-1.1916571115246206,1.4070652907114376,-1.243402122996029,2.1907927676004246
1.1315968367649079,0.5333191356132541,-0.8783829907484595,-1.243402122996029,0.46193496941646706
-0.1584461785778044,0.5333191356132541,-0.8783829907484595,-1.243402122996029,0.46193496941646706
-0.1584461785778044,-0.3249320070462578,1.1119917622855386,-1.243402122996029,2.1907927676004246
1.1315968367649079,0.8642127297347516,-0.9814440665061366,-1.243402122996029,2.1907927676004246
-0.1584461785778044,0.04692733663066792,0.20515118220316592,-1.243402122996029,2.1907927676004246
1.1315968367649079,-1.1916571115246206,0.7922113234537806,-1.243402122996029,2.1907927676004246
1.1315968367649079,0.9547082827284765,-1.6226971970514434,-1.243402122996029,0.46193496941646706
-0.1584461785778044,-0.47356195501569454,0.512951635869778,-1.243402122996029,2.1907927676004246
1.1315968367649079,0.23857994759305384,0.7922113234537806,-1.243402122996029,2.1907927676004246
-0.1584461785778044,-1.1916571115246206,1.4070652907114376,-1.243402122996029,2.1907927676004246
-0.1584461785778044,-0.3249320070462578,1.1119917622855386,-1.243402122996029,2.1907927676004246
-0.1584461785778044,0.9547082827284765,-1.6226971970514434,-1.243402122996029,0.46193496941646706
-1.6050182514198748,0.9547082827284765,-1.6226971970514434,-1.243402122996029,0.46193496941646706
-0.1584461785778044,0.9547082827284765,-1.6226971970514434,-1.243402122996029,0.46193496941646706
-0.1584461785778044,-1.1916571115246206,0.7922113234537806,-1.243402122996029,2.1907927676004246
-0.1584461785778044,-1.1916571115246206,0.7922113234537806,-1.243402122996029,2.1907927676004246
-0.1584461785778044,0.23857994759305384,0.7922113234537806,-1.243402122996029,2.1907927676004246
-0.1584461785778044,-0.47356195501569454,0.512951635869778,-1.243402122996029,2.1907927676004246
-0.1584461785778044,-0.3249320070462578,1.1119917622855386,-1.243402122996029,2.1907927676004246
-1.3187009911508798,-1.1916571115246206,1.4070652907114376,-1.243402122996029,2.1907927676004246
-0.1584461785778044,0.04692733663066792,0.20515118220316592,-1.243402122996029,2.1907927676004246
-0.1584461785778044,0.39918661027989205,-0.14377458813713676,-1.243402122996029,2.1907927676004246
-0.1584461785778044,0.5333191356132541,-0.8783829907484595,-1.243402122996029,0.46193496941646706
-0.1584461785778044,-1.1916571115246206,1.4070652907114376,-1.243402122996029,2.1907927676004246
-0.1584461785778044,0.8642127297347516,-0.9814440665061366,-1.243402122996029,2.1907927676004246
-0.1584461785778044,1.0726658712118065,-0.43768984818857665,-1.243402122996029,2.1907927676004246
-0.1584461785778044,1.0726658712118065,-0.43768984818857665,-1.243402122996029,2.1907927676004246
1.1315968367649079,0.5999045968664607,0.43905143928685975,-1.243402122996029,2.1907927676004246
1.1315968367649079,-1.1916571115246206,1.4070652907114376,-1.243402122996029,2.1907927676004246
-0.1584461785778044,1.0726658712118065,-0.43768984818857665,-1.243402122996029,2.1907927676004246
1.1315968367649079,-0.47356195501569454,0.512951635869778,-1.243402122996029,2.1907927676004246
-0.1584461785778044,-0.3249320070462578,1.1119917622855386,-1.243402122996029,2.1907927676004246
-0.1584461785778044,1.0726658712118065,-0.43768984818857665,-1.243402122996029,2.1907927676004246
-0.1584461785778044,-1.1916571115246206,0.7922113234537806,-1.243402122996029,2.1907927676004246
1.1315968367649079,-0.3249320070462578,1.1119917622855386,-1.243402122996029,2.1907927676004246
-1.3187009911508798,-0.3249320070462578,1.1119917622855386,-1.243402122996029,2.1907927676004246
-1.6050182514198748,-1.1916571115246206,0.5662711489737193,-1.243402122996029,0.46193496941646706
-0.1584461785778044,0.23857994759305384,0.7922113234537806,-1.243402122996029,2.1907927676004246
-1.3187009911508798,1.0726658712118065,-0.43768984818857665,-1.243402122996029,2.1907927676004246
-1.3187009911508798,0.23857994759305384,0.7922113234537806,-1.243402122996029,2.1907927676004246
-0.1584461785778044,0.5999045968664607,0.43905143928685975,-1.243402122996029,2.1907927676004246
-0.1584461785778044,0.8642127297347516,-0.9814440665061366,-1.243402122996029,2.1907927676004246
1.1315968367649079,1.0726658712118065,-0.43768984818857665,-1.243402122996029,2.1907927676004246
1.1315968367649079,0.04692733663066792,0.20515118220316592,-1.243402122996029,2.1907927676004246
-1.3187009911508798,0.9547082827284765,-1.6226971970514434,-1.243402122996029,0.46193496941646706
-1.3187009911508798,0.5333191356132541,-0.8783829907484595,-1.243402122996029,0.46193496941646706
-0.1584461785778044,-1.1916571115246206,1.4070652907114376,-1.243402122996029,2.1907927676004246
-1.6050182514198748,0.5333191356132541,-0.8783829907484595,-1.243402122996029,0.46193496941646706
-0.1584461785778044,0.04692733663066792,0.20515118220316592,-1.243402122996029,2.1907927676004246
-0.1584461785778044,0.5999045968664607,0.43905143928685975,-1.243402122996029,2.1907927676004246
-0.1584461785778044,0.04692733663066792,0.20515118220316592,-1.243402122996029,2.1907927676004246
-0.1584461785778044,0.39918661027989205,-0.14377458813713676,-1.243402122996029,2.1907927676004246
-1.6050182514198748,-1.1916571115246206,0.2560766591676426,-1.243402122996029,0.46193496941646706
-0.1584461785778044,0.8642127297347516,-0.9814440665061366,-1.243402122996029,2.1907927676004246
-0.1584461785778044,0.39918661027989205,-0.14377458813713676,-1.243402122996029,2.1907927676004246
-0.1584461785778044,-0.47356195501569454,0.512951635869778,-1.243402122996029,2.1907927676004246
-0.1584461785778044,0.9547082827284765,-1.6226971970514434,-1.243402122996029,0.46193496941646706
-1.3187009911508798,0.5999045968664607,0.43905143928685975,-1.243402122996029,2.1907927676004246
-0.1584461785778044,0.8642127297347516,-0.9814440665061366,-1.243402122996029,2.1907927676004246
-0.1584461785778044,-1.1916571115246206,1.4665854638821398,-1.243402122996029,-1.901687553039727
-1.6050182514198748,0.860297501094169,0.7496762803306883,0.7126647682733172,-0.6409113795348477
-1.6050182514198748,1.1658824668933998,0.2836781050032916,0.48271334804451965,-0.3641604564364096
-1.6050182514198748,0.3371924156857509,1.0958354716030092,1.5740188560160269,-1.5055666290297591
-1.6050182514198748,0.3371924156857509,1.0958354716030092,1.8271685906484088,-1.616179817737517
-1.6050182514198748,0.2275092430429786,0.7568028138182847,2.368346865992824,0.1501965118479407
-1.6050182514198748,0.43596173122352183,1.4070652907114376,0.5298687957617697,-0.08022761436278329
-1.6050182514198748,0.42385403855928705,1.3709483103350801,0.06112164038657597,-2.3379414347148995
-1.6050182514198748,0.2576618507103933,0.8522689193156442,0.9997616643185917,-1.2746226951817294
-1.6050182514198748,-1.1916571115246206,1.7321407566741747,0.06112164038657597,-2.124748082770699
-1.6050182514198748,0.9684325753827914,0.32906976627405304,1.2953213787227338,-1.3899524523384732
-1.6050182514198748,0.23582380918775428,0.9424917273759967,0.901505469653475,-1.8275238778932295
-1.6050182514198748,0.859316272180406,0.6673325958828217,0.9298083119702887,-0.9097175300655242
-1.6050182514198748,1.2374265383345375,0.36889520408563226,0.7422987839278464,0.05534313739608927
-1.6050182514198748,0.6538831109039296,0.7886870694513777,1.4994870593953975,-1.48452527377031
-1.6050182514198748,0.9160714475565406,0.04876117365042467,0.8730120719025705,-1.9706401613257236
-1.6050182514198748,0.7985903973429154,1.1854524527527488,0.8586924121354085,0.1651347536684849
-1.6050182514198748,0.859316272180406,0.8612575026733478,2.215226596107097,-1.9069886727709098
-1.6050182514198748,0.859316272180406,0.48128202767073197,0.6223787727924063,-0.3947774300212628
-1.3187009911508798,0.860297501094169,0.7496762803306883,0.7126647682733172,-0.6409113795348477
-1.3187009911508798,1.1658824668933998,0.2836781050032916,0.48271334804451965,-0.3641604564364096
-1.3187009911508798,0.3371924156857509,1.0958354716030092,1.5740188560160269,-1.5055666290297591
-1.3187009911508798,0.3371924156857509,1.0958354716030092,1.8271685906484088,-1.616179817737517
-1.3187009911508798,0.2275092430429786,0.7568028138182847,2.368346865992824,0.1501965118479407
-1.3187009911508798,0.43596173122352183,1.4070652907114376,0.5298687957617697,-0.08022761436278329
-1.3187009911508798,0.42385403855928705,1.3709483103350801,0.06112164038657597,-2.3379414347148995
-1.3187009911508798,0.2576618507103933,0.8522689193156442,0.9997616643185917,-1.2746226951817294
-1.3187009911508798,-1.1916571115246206,1.7321407566741747,0.06112164038657597,-2.124748082770699
-1.3187009911508798,0.9684325753827914,0.32906976627405304,1.2953213787227338,-1.3899524523384732
-1.3187009911508798,0.23582380918775428,0.9424917273759967,0.901505469653475,-1.8275238778932295
-1.3187009911508798,0.859316272180406,0.6673325958828217,0.9298083119702887,-0.9097175300655242
-1.3187009911508798,1.2374265383345375,0.36889520408563226,0.7422987839278464,0.05534313739608927
-1.3187009911508798,0.6538831109039296,0.7886870694513777,1.4994870593953975,-1.48452527377031
-1.3187009911508798,0.9160714475565406,0.04876117365042467,0.8730120719025705,-1.9706401613257236
-1.3187009911508798,0.7985903973429154,1.1854524527527488,0.8586924121354085,0.1651347536684849
-1.3187009911508798,0.859316272180406,0.8612575026733478,2.215226596107097,-1.9069886727709098
-1.3187009911508798,0.859316272180406,0.6673325958828217,0.9298083119702887,-0.9097175300655242
-1.3187009911508798,0.859316272180406,0.48128202767073197,0.6223787727924063,-0.3947774300212628
-0.1584461785778044,0.860297501094169,0.7496762803306883,0.7126647682733172,-0.6409113795348477
-0.1584461785778044,1.1658824668933998,0.2836781050032916,0.48271334804451965,-0.3641604564364096
-0.1584461785778044,0.3371924156857509,1.0958354716030092,1.5740188560160269,-1.5055666290297591
-0.1584461785778044,0.3371924156857509,1.0958354716030092,1.8271685906484088,-1.616179817737517
-0.1584461785778044,0.2275092430429786,0.7568028138182847,2.368346865992824,0.1501965118479407
-0.1584461785778044,0.43596173122352183,1.4070652907114376,0.5298687957617697,-0.08022761436278329
-0.1584461785778044,0.42385403855928705,1.3709483103350801,0.06112164038657597,-2.3379414347148995
-0.1584461785778044,0.2576618507103933,0.8522689193156442,0.9997616643185917,-1.2746226951817294
-0.1584461785778044,-1.1916571115246206,1.7321407566741747,0.06112164038657597,-2.124748082770699
-0.1584461785778044,0.9684325753827914,0.32906976627405304,1.2953213787227338,-1.3899524523384732
-0.1584461785778044,0.23582380918775428,0.9424917273759967,0.901505469653475,-1.8275238778932295
-0.1584461785778044,0.859316272180406,0.6673325958828217,0.9298083119702887,-0.9097175300655242
-0.1584461785778044,1.2374265383345375,0.36889520408563226,0.7422987839278464,0.05534313739608927
-0.1584461785778044,0.6538831109039296,0.7886870694513777,1.4994870593953975,-1.48452527377031
-0.1584461785778044,0.9160714475565406,0.04876117365042467,0.8730120719025705,-1.9706401613257236
-0.1584461785778044,0.7985903973429154,1.1854524527527488,0.8586924121354085,0.1651347536684849
-0.1584461785778044,0.859316272180406,0.8612575026733478,2.215226596107097,-1.9069886727709098
-0.1584461785778044,0.859316272180406,0.48128202767073197,0.6223787727924063,-0.3947774300212628
0.6241601226529326,0.860297501094169,0.7496762803306883,0.7126647682733172,-0.6409113795348477
0.6241601226529326,1.1658824668933998,0.2836781050032916,0.48271334804451965,-0.3641604564364096
0.6241601226529326,0.3371924156857509,1.0958354716030092,1.5740188560160269,-1.5055666290297591
0.6241601226529326,0.3371924156857509,1.0958354716030092,1.8271685906484088,-1.616179817737517
0.6241601226529326,0.2275092430429786,0.7568028138182847,2.368346865992824,0.1501965118479407
0.6241601226529326,0.43596173122352183,1.4070652907114376,0.5298687957617697,-0.08022761436278329
0.6241601226529326,0.42385403855928705,1.3709483103350801,0.06112164038657597,-2.3379414347148995
0.6241601226529326,0.2576618507103933,0.8522689193156442,0.9997616643185917,-1.2746226951817294
0.6241601226529326,-1.1916571115246206,1.7321407566741747,0.06112164038657597,-2.124748082770699
0.6241601226529326,0.9684325753827914,0.32906976627405304,1.2953213787227338,-1.3899524523384732
0.6241601226529326,0.23582380918775428,0.9424917273759967,0.901505469653475,-1.8275238778932295
0.6241601226529326,0.859316272180406,0.6673325958828217,0.9298083119702887,-0.9097175300655242
0.6241601226529326,1.2374265383345375,0.36889520408563226,0.7422987839278464,0.05534313739608927
0.6241601226529326,0.6538831109039296,0.7886870694513777,1.4994870593953975,-1.48452527377031
0.6241601226529326,0.9160714475565406,0.04876117365042467,0.8730120719025705,-1.9706401613257236
0.6241601226529326,0.7985903973429154,1.1854524527527488,0.8586924121354085,0.1651347536684849
0.6241601226529326,0.859316272180406,0.8612575026733478,2.215226596107097,-1.9069886727709098
0.6241601226529326,0.859316272180406,0.48128202767073197,0.6223787727924063,-0.3947774300212628
1.1432444179040469,0.860297501094169,0.7496762803306883,0.7126647682733172,-0.6409113795348477
1.1432444179040469,1.1658824668933998,0.2836781050032916,0.48271334804451965,-0.3641604564364096
1.1432444179040469,0.3371924156857509,1.0958354716030092,1.5740188560160269,-1.5055666290297591
1.1432444179040469,0.3371924156857509,1.0958354716030092,1.8271685906484088,-1.616179817737517
1.1432444179040469,0.2275092430429786,0.7568028138182847,2.368346865992824,0.1501965118479407
1.1432444179040469,0.43596173122352183,1.4070652907114376,0.5298687957617697,-0.08022761436278329
1.1432444179040469,0.42385403855928705,1.3709483103350801,0.06112164038657597,-2.3379414347148995
1.1432444179040469,0.2576618507103933,0.8522689193156442,0.9997616643185917,-1.2746226951817294
1.1432444179040469,-1.1916571115246206,1.7321407566741747,0.06112164038657597,-2.124748082770699
1.1432444179040469,0.9684325753827914,0.32906976627405304,1.2953213787227338,-1.3899524523384732
1.1432444179040469,0.23582380918775428,0.9424917273759967,0.901505469653475,-1.8275238778932295
1.1432444179040469,0.859316272180406,0.6673325958828217,0.9298083119702887,-0.9097175300655242
1.1432444179040469,0.6538831109039296,0.7886870694513777,1.4994870593953975,-1.48452527377031
1.1432444179040469,0.9160714475565406,0.04876117365042467,0.8730120719025705,-1.9706401613257236
1.1432444179040469,0.7985903973429154,1.1854524527527488,0.8586924121354085,0.1651347536684849
1.1432444179040469,0.859316272180406,0.8612575026733478,2.215226596107097,-1.9069886727709098
1.1432444179040469,0.859316272180406,0.48128202767073197,0.6223787727924063,-0.3947774300212628
-1.6050182514198748,-1.1916571115246206,-0.6036238614992248,-0.24383881130398083,0.3288152757808147
-0.8679293346046539,-1.1916571115246206,-0.6036238614992248,-0.24383881130398083,0.3288152757808147
-0.1584461785778044,-1.1916571115246206,-0.6036238614992248,-0.24383881130398083,0.3288152757808147
0.6241601226529326,-1.1916571115246206,-0.6036238614992248,-0.24383881130398083,0.3288152757808147
1.242406474093964,-1.1916571115246206,-0.6036238614992248,-0.24383881130398083,0.3288152757808147
-1.6050182514198748,-1.1916571115246206,-0.47772198221310974,-0.22389851343827064,0.7506595317211534
-0.8679293346046539,-1.1916571115246206,-0.47772198221310974,-0.22389851343827064,0.7506595317211534
-0.1584461785778044,-1.1916571115246206,-0.47772198221310974,-0.22389851343827064,0.7506595317211534
0.6241601226529326,-1.1916571115246206,-0.47772198221310974,-0.22389851343827064,0.7506595317211534
1.242406474093964,-1.1916571115246206,-0.47772198221310974,-0.22389851343827064,0.7506595317211534
-1.6050182514198748,-1.1916571115246206,-0.924878430274809,0.3040674439805841,-0.8734122739246577
-0.8679293346046539,-1.1916571115246206,-0.924878430274809,0.3040674439805841,-0.8734122739246577
-0.1584461785778044,-1.1916571115246206,-0.924878430274809,0.3040674439805841,-0.8734122739246577
0.6241601226529326,-1.1916571115246206,-0.924878430274809,0.3040674439805841,-0.8734122739246577
1.242406474093964,-1.1916571115246206,-0.924878430274809,0.3040674439805841,-0.8734122739246577
-1.6050182514198748,-1.1916571115246206,-0.972982782775994,0.35374281027672905,-1.0552865326191185
-0.8679293346046539,-1.1916571115246206,-0.972982782775994,0.35374281027672905,-1.0552865326191185
-0.1584461785778044,-1.1916571115246206,-0.972982782775994,0.35374281027672905,-1.0552865326191185
0.6241601226529326,-1.1916571115246206,-0.972982782775994,0.35374281027672905,-1.0552865326191185
1.242406474093964,-1.1916571115246206,-0.972982782775994,0.35374281027672905,-1.0552865326191185
-1.6050182514198748,-1.1916571115246206,-0.7206027669277042,-0.012205554959443459,-0.12057310262605325
-0.8679293346046539,-1.1916571115246206,-0.7206027669277042,-0.012205554959443459,-0.12057310262605325
-0.1584461785778044,-1.1916571115246206,-0.7206027669277042,-0.012205554959443459,-0.12057310262605325
0.6241601226529326,-1.1916571115246206,-0.7206027669277042,-0.012205554959443459,-0.12057310262605325
1.242406474093964,-1.1916571115246206,-0.7206027669277042,-0.012205554959443459,-0.12057310262605325
-1.6050182514198748,-1.1916571115246206,-0.5192637496243752,-0.22389851343827064,0.6335461313558921
-0.8679293346046539,-1.1916571115246206,-0.5192637496243752,-0.22389851343827064,0.6335461313558921
-0.1584461785778044,-1.1916571115246206,-0.5192637496243752,-0.22389851343827064,0.6335461313558921
0.6241601226529326,-1.1916571115246206,-0.5192637496243752,-0.22389851343827064,0.6335461313558921
1.242406474093964,-1.1916571115246206,-0.5192637496243752,-0.22389851343827064,0.6335461313558921
-1.6050182514198748,-1.1916571115246206,-0.9778162395471489,0.6828045006571444,-1.0657049934136082
-0.8679293346046539,-1.1916571115246206,-0.9778162395471489,0.6828045006571444,-1.0657049934136082
-0.1584461785778044,-1.1916571115246206,-0.9778162395471489,0.6828045006571444,-1.0657049934136082
0.6241601226529326,-1.1916571115246206,-0.9778162395471489,0.6828045006571444,-1.0657049934136082
1.242406474093964,-1.1916571115246206,-0.9778162395471489,0.6828045006571444,-1.0657049934136082
-1.6050182514198748,-1.1916571115246206,-1.2778213410395167,-0.24383881130398083,-0.31321154256510686
-0.8679293346046539,-1.1916571115246206,-1.2778213410395167,-0.24383881130398083,-0.31321154256510686
-0.1584461785778044,-1.1916571115246206,-1.2778213410395167,-0.24383881130398083,-0.31321154256510686
0.6241601226529326,-1.1916571115246206,-1.2778213410395167,-0.24383881130398083,-0.31321154256510686
1.242406474093964,-1.1916571115246206,-1.2778213410395167,-0.24383881130398083,-0.31321154256510686
-1.6050182514198748,-0.40790145964482394,-1.25373873353581,-0.012205554959443459,0.1501965118479407
-0.8679293346046539,-0.40790145964482394,-1.25373873353581,-0.012205554959443459,0.1501965118479407
-0.1584461785778044,-0.40790145964482394,-1.25373873353581,-0.012205554959443459,0.1501965118479407
0.6241601226529326,-0.40790145964482394,-1.25373873353581,-0.012205554959443459,0.1501965118479407
1.242406474093964,-0.40790145964482394,-1.25373873353581,-0.012205554959443459,0.1501965118479407
-1.6050182514198748,0.26662129828252273,-0.7022349703819698,0.2023313942393522,-0.05001998695999775
-0.8679293346046539,0.26662129828252273,-0.7022349703819698,0.2023313942393522,-0.05001998695999775
-0.1584461785778044,0.26662129828252273,-0.7022349703819698,0.2023313942393522,-0.05001998695999775
0.6241601226529326,0.26662129828252273,-0.7022349703819698,0.2023313942393522,-0.05001998695999775
1.242406474093964,0.26662129828252273,-0.7022349703819698,0.2023313942393522,-0.05001998695999775
-1.6050182514198748,0.26662129828252273,-0.7010893578923096,0.16765895766508243,-0.05001998695999775
-0.8679293346046539,0.26662129828252273,-0.7010893578923096,0.16765895766508243,-0.05001998695999775
-0.1584461785778044,0.26662129828252273,-0.7010893578923096,0.16765895766508243,-0.05001998695999775
0.6241601226529326,0.26662129828252273,-0.7010893578923096,0.16765895766508243,-0.05001998695999775
1.242406474093964,0.26662129828252273,-0.7010893578923096,0.16765895766508243,-0.05001998695999775
-1.6050182514198748,-1.1916571115246206,-0.5225616446994751,0.06112164038657597,0.6188758776651252
-0.8679293346046539,-1.1916571115246206,-0.5225616446994751,0.06112164038657597,0.6188758776651252
-0.1584461785778044,-1.1916571115246206,-0.5225616446994751,0.06112164038657597,0.6188758776651252
0.6241601226529326,-1.1916571115246206,-0.5225616446994751,0.06112164038657597,0.6188758776651252
1.242406474093964,-1.1916571115246206,-0.5225616446994751,0.06112164038657597,0.6188758776651252
-1.6050182514198748,-1.1916571115246206,-0.43123725923933304,0.2195201373435111,0.19995150250586866
-0.8679293346046539,-1.1916571115246206,-0.43123725923933304,0.2195201373435111,0.19995150250586866
-0.1584461785778044,-1.1916571115246206,-0.43123725923933304,0.2195201373435111,0.19995150250586866
0.6241601226529326,-1.1916571115246206,-0.43123725923933304,0.2195201373435111,0.19995150250586866
1.242406474093964,-1.1916571115246206,-0.43123725923933304,0.2195201373435111,0.19995150250586866
-1.6050182514198748,-1.1916571115246206,-0.30556333158063315,-0.04961544391849081,0.23471480450943633
-0.8679293346046539,-1.1916571115246206,-0.30556333158063315,-0.04961544391849081,0.23471480450943633
-0.1584461785778044,-1.1916571115246206,-0.30556333158063315,-0.04961544391849081,0.23471480450943633
0.6241601226529326,-1.1916571115246206,-0.30556333158063315,-0.04961544391849081,0.23471480450943633
1.242406474093964,-1.1916571115246206,-0.30556333158063315,-0.04961544391849081,0.23471480450943633
-1.6050182514198748,-1.1916571115246206,-0.716004121980055,0.49850141281795124,-1.2013851267264528
-0.8679293346046539,-1.1916571115246206,-0.716004121980055,0.49850141281795124,-1.2013851267264528
-0.1584461785778044,-1.1916571115246206,-0.716004121980055,0.49850141281795124,-1.2013851267264528
0.6241601226529326,-1.1916571115246206,-0.716004121980055,0.49850141281795124,-1.2013851267264528
1.242406474093964,-1.1916571115246206,-0.716004121980055,0.49850141281795124,-1.2013851267264528
-1.6050182514198748,-1.1916571115246206,-0.714855157389201,0.7570329012759931,-1.1961585794802034
-0.8679293346046539,-1.1916571115246206,-0.714855157389201,0.7570329012759931,-1.1961585794802034
-0.1584461785778044,-1.1916571115246206,-0.714855157389201,0.7570329012759931,-1.1961585794802034
0.6241601226529326,-1.1916571115246206,-0.714855157389201,0.7570329012759931,-1.1961585794802034
1.242406474093964,-1.1916571115246206,-0.714855157389201,0.7570329012759931,-1.1961585794802034
-1.6050182514198748,-1.1916571115246206,-0.7217531243573424,0.35374281027672905,-1.2170685645269381
-0.8679293346046539,-1.1916571115246206,-0.7217531243573424,0.35374281027672905,-1.2170685645269381
-0.1584461785778044,-1.1916571115246206,-0.7217531243573424,0.35374281027672905,-1.2170685645269381
0.6241601226529326,-1.1916571115246206,-0.7217531243573424,0.35374281027672905,-1.2170685645269381
1.242406474093964,-1.1916571115246206,-0.7217531243573424,0.35374281027672905,-1.2170685645269381
-1.6050182514198748,-1.1916571115246206,-0.49953242569236334,0.16765895766508243,-0.44076795974155497
-0.8679293346046539,-1.1916571115246206,-0.49953242569236334,0.16765895766508243,-0.44076795974155497
-0.1584461785778044,-1.1916571115246206,-0.49953242569236334,0.16765895766508243,-0.44076795974155497
0.6241601226529326,-1.1916571115246206,-0.49953242569236334,0.16765895766508243,-0.44076795974155497
1.242406474093964,-1.1916571115246206,-0.49953242569236334,0.16765895766508243,-0.44076795974155497
-1.6050182514198748,-1.1916571115246206,-0.29107173540157694,0.006311482775086209,0.2892386779170059
-0.8679293346046539,-1.1916571115246206,-0.29107173540157694,0.006311482775086209,0.2892386779170059
-0.1584461785778044,-1.1916571115246206,-0.29107173540157694,0.006311482775086209,0.2892386779170059
0.6241601226529326,-1.1916571115246206,-0.29107173540157694,0.006311482775086209,0.2892386779170059
1.242406474093964,-1.1916571115246206,-0.29107173540157694,0.006311482775086209,0.2892386779170059
-1.6050182514198748,-1.1916571115246206,-0.29107173540157694,0.11488047905312133,0.2892386779170059
-0.8679293346046539,-1.1916571115246206,-0.29107173540157694,0.11488047905312133,0.2892386779170059
-0.1584461785778044,-1.1916571115246206,-0.29107173540157694,0.11488047905312133,0.2892386779170059
0.6241601226529326,-1.1916571115246206,-0.29107173540157694,0.11488047905312133,0.2892386779170059
1.242406474093964,-1.1916571115246206,-0.29107173540157694,0.11488047905312133,0.2892386779170059
-1.6050182514198748,-1.1916571115246206,-1.0864296038214356,0.32071029621489233,-0.6666654566810757
-0.8679293346046539,-1.1916571115246206,-1.0864296038214356,0.32071029621489233,-0.6666654566810757
-0.1584461785778044,-1.1916571115246206,-1.0864296038214356,0.32071029621489233,-0.6666654566810757
0.6241601226529326,-1.1916571115246206,-1.0864296038214356,0.32071029621489233,-0.6666654566810757
1.242406474093964,-1.1916571115246206,-1.0864296038214356,0.32071029621489233,-0.6666654566810757
-1.6050182514198748,-0.359783024557917,-1.0790435657237076,0.41883764729113837,-0.6357630486279375
-0.8679293346046539,-0.359783024557917,-1.0790435657237076,0.41883764729113837,-0.6357630486279375
-0.1584461785778044,-0.359783024557917,-1.0790435657237076,0.41883764729113837,-0.6357630486279375
0.6241601226529326,-0.359783024557917,-1.0790435657237076,0.41883764729113837,-0.6357630486279375
1.242406474093964,-0.359783024557917,-1.0790435657237076,0.41883764729113837,-0.6357630486279375
-1.6050182514198748,-0.4063287249738526,-1.2423620194638416,0.815434054497539,-1.2536852209587868
-0.8679293346046539,-0.4063287249738526,-1.2423620194638416,0.815434054497539,-1.2536852209587868
-0.1584461785778044,-0.4063287249738526,-1.2423620194638416,0.815434054497539,-1.2536852209587868
0.6241601226529326,-0.4063287249738526,-1.2423620194638416,0.815434054497539,-1.2536852209587868
1.242406474093964,-0.4063287249738526,-1.2423620194638416,0.815434054497539,-1.2536852209587868
-1.6050182514198748,-1.1916571115246206,0.08586926965101388,0.6071203276295787,-0.7440494592139948
-0.8679293346046539,-1.1916571115246206,0.08586926965101388,0.6071203276295787,-0.7440494592139948
-0.1584461785778044,-1.1916571115246206,0.08586926965101388,0.6071203276295787,-0.7440494592139948
0.6241601226529326,-1.1916571115246206,0.08586926965101388,0.6071203276295787,-0.7440494592139948
1.242406474093964,-1.1916571115246206,0.08586926965101388,0.6071203276295787,-0.7440494592139948
-1.6050182514198748,-1.1916571115246206,-0.036660247716978386,0.9579252304275476,-1.1334899450243603
-0.8679293346046539,-1.1916571115246206,-0.036660247716978386,0.9579252304275476,-1.1334899450243603
-0.1584461785778044,-1.1916571115246206,-0.036660247716978386,0.9579252304275476,-1.1334899450243603
0.6241601226529326,-1.1916571115246206,-0.036660247716978386,0.9579252304275476,-1.1334899450243603
1.242406474093964,-1.1916571115246206,-0.036660247716978386,0.9579252304275476,-1.1334899450243603
-1.6050182514198748,-1.1916571115246206,0.13302440999984647,0.5298687957617697,-0.5689115280654037
-0.8679293346046539,-1.1916571115246206,0.13302440999984647,0.5298687957617697,-0.5689115280654037
-0.1584461785778044,-1.1916571115246206,0.13302440999984647,0.5298687957617697,-0.5689115280654037
0.6241601226529326,-1.1916571115246206,0.13302440999984647,0.5298687957617697,-0.5689115280654037
1.242406474093964,-1.1916571115246206,0.13302440999984647,0.5298687957617697,-0.5689115280654037
-1.6050182514198748,-1.1916571115246206,-0.2869428438047091,1.0412039538323863,-1.8963869249486194
-0.8679293346046539,-1.1916571115246206,-0.2869428438047091,1.0412039538323863,-1.8963869249486194
-0.1584461785778044,-1.1916571115246206,-0.2869428438047091,1.0412039538323863,-1.8963869249486194
0.6241601226529326,-1.1916571115246206,-0.2869428438047091,1.0412039538323863,-1.8963869249486194
1.242406474093964,-1.1916571115246206,-0.2869428438047091,1.0412039538323863,-1.8963869249486194
-1.6050182514198748,-1.1916571115246206,-0.3149124813209861,1.0958702729125607,-1.2641527232549388
-0.8679293346046539,-1.1916571115246206,-0.3149124813209861,1.0958702729125607,-1.2641527232549388
-0.1584461785778044,-1.1916571115246206,-0.3149124813209861,1.0958702729125607,-1.2641527232549388
0.6241601226529326,-1.1916571115246206,-0.3149124813209861,1.0958702729125607,-1.2641527232549388
1.242406474093964,-1.1916571115246206,-0.3149124813209861,1.0958702729125607,-1.2641527232549388
-1.6050182514198748,-1.1916571115246206,-0.28178898030033384,1.2822804368693002,-1.8857871469857737
-0.8679293346046539,-1.1916571115246206,-0.28178898030033384,1.2822804368693002,-1.8857871469857737
-0.1584461785778044,-1.1916571115246206,-0.28178898030033384,1.2822804368693002,-1.8857871469857737
0.6241601226529326,-1.1916571115246206,-0.28178898030033384,1.2822804368693002,-1.8857871469857737
1.242406474093964,-1.1916571115246206,-0.28178898030033384,1.2822804368693002,-1.8857871469857737
-1.6050182514198748,-1.1916571115246206,-0.338921784112574,0.9858606652649786,-2.0449877172793456
-0.8679293346046539,-1.1916571115246206,-0.338921784112574,0.9858606652649786,-2.0449877172793456
-0.1584461785778044,-1.1916571115246206,-0.338921784112574,0.9858606652649786,-2.0449877172793456
0.6241601226529326,-1.1916571115246206,-0.338921784112574,0.9858606652649786,-2.0449877172793456
1.242406474093964,-1.1916571115246206,-0.338921784112574,0.9858606652649786,-2.0449877172793456
-1.6050182514198748,-1.1916571115246206,-0.05563751441444777,0.6828045006571444,-1.1909326672203726
-0.8679293346046539,-1.1916571115246206,-0.05563751441444777,0.6828045006571444,-1.1909326672203726
-0.1584461785778044,-1.1916571115246206,-0.05563751441444777,0.6828045006571444,-1.1909326672203726
0.6241601226529326,-1.1916571115246206,-0.05563751441444777,0.6828045006571444,-1.1909326672203726
1.242406474093964,-1.1916571115246206,-0.05563751441444777,0.6828045006571444,-1.1909326672203726
-1.6050182514198748,-1.1916571115246206,0.14621071237838495,0.6223787727924063,-0.3998836635592502
-0.8679293346046539,-1.1916571115246206,0.14621071237838495,0.6223787727924063,-0.3998836635592502
-0.1584461785778044,-1.1916571115246206,0.14621071237838495,0.6223787727924063,-0.3998836635592502
0.6241601226529326,-1.1916571115246206,0.14621071237838495,0.6223787727924063,-0.3998836635592502
1.242406474093964,-1.1916571115246206,0.14621071237838495,0.6223787727924063,-0.3998836635592502
-1.6050182514198748,-1.1916571115246206,-0.7022349703819698,0.7275096620833904,-1.437215494693355
-0.8679293346046539,-1.1916571115246206,-0.7022349703819698,0.7275096620833904,-1.437215494693355
-0.1584461785778044,-1.1916571115246206,-0.7022349703819698,0.7275096620833904,-1.437215494693355
0.6241601226529326,-1.1916571115246206,-0.7022349703819698,0.7275096620833904,-1.437215494693355
1.242406474093964,-1.1916571115246206,-0.7022349703819698,0.7275096620833904,-1.437215494693355
-1.6050182514198748,-1.1916571115246206,-0.7045270348045068,0.9438897298155815,-1.4477247692391368
-0.8679293346046539,-1.1916571115246206,-0.7045270348045068,0.9438897298155815,-1.4477247692391368
-0.1584461785778044,-1.1916571115246206,-0.7045270348045068,0.9438897298155815,-1.4477247692391368
0.6241601226529326,-1.1916571115246206,-0.7045270348045068,0.9438897298155815,-1.4477247692391368
1.242406474093964,-1.1916571115246206,-0.7045270348045068,0.9438897298155815,-1.4477247692391368
-1.6050182514198748,0.26394193425143486,-0.03571517680611264,0.8730120719025705,-1.1282717632536807
-0.8679293346046539,0.26394193425143486,-0.03571517680611264,0.8730120719025705,-1.1282717632536807
-0.1584461785778044,0.26394193425143486,-0.03571517680611264,0.8730120719025705,-1.1282717632536807
0.6241601226529326,0.26394193425143486,-0.03571517680611264,0.8730120719025705,-1.1282717632536807
1.242406474093964,0.26394193425143486,-0.03571517680611264,0.8730120719025705,-1.1282717632536807
-1.6050182514198748,-0.22191383656279623,-0.6509608629052013,0.9719153629499727,-2.1779792398590225
-0.8679293346046539,-0.22191383656279623,-0.6509608629052013,0.9719153629499727,-2.1779792398590225
-0.1584461785778044,-0.22191383656279623,-0.6509608629052013,0.9719153629499727,-2.1779792398590225
0.6241601226529326,-0.22191383656279623,-0.6509608629052013,0.9719153629499727,-2.1779792398590225
1.242406474093964,-0.22191383656279623,-0.6509608629052013,0.9719153629499727,-2.1779792398590225
-1.6050182514198748,-0.23317679720667595,-0.6885061166051594,0.6375755108168886,-1.395201567377138
-0.8679293346046539,-0.23317679720667595,-0.6885061166051594,0.6375755108168886,-1.395201567377138
-0.1584461785778044,-0.23317679720667595,-0.6885061166051594,0.6375755108168886,-1.395201567377138
0.6241601226529326,-0.23317679720667595,-0.6885061166051594,0.6375755108168886,-1.395201567377138
1.242406474093964,-0.23317679720667595,-0.6885061166051594,0.6375755108168886,-1.395201567377138
-1.6050182514198748,-1.1916571115246206,-0.6430363717374009,0.8872828874747177,-1.2432201988504494
-0.8679293346046539,-1.1916571115246206,-0.6430363717374009,0.8872828874747177,-1.2432201988504494
-0.1584461785778044,-1.1916571115246206,-0.6430363717374009,0.8872828874747177,-1.2432201988504494
0.6241601226529326,-1.1916571115246206,-0.6430363717374009,0.8872828874747177,-1.2432201988504494
1.242406474093964,-1.1916571115246206,-0.6430363717374009,0.8872828874747177,-1.2432201988504494
-1.6050182514198748,-1.1916571115246206,0.7639142630891663,-1.243402122996029,1.555296730157034
-0.8679293346046539,-1.1916571115246206,0.7639142630891663,-1.243402122996029,1.555296730157034
-0.1584461785778044,-1.1916571115246206,0.7639142630891663,-1.243402122996029,1.555296730157034
0.6241601226529326,-1.1916571115246206,0.7639142630891663,-1.243402122996029,1.555296730157034
1.242406474093964,-1.1916571115246206,0.7639142630891663,-1.243402122996029,1.555296730157034
-0.1584461785778044,-1.1916571115246206,1.554357732867357,-0.3451850649173665,-2.2205967705880263
-0.1584461785778044,-1.1916571115246206,1.4070652907114376,-0.7985913365870557,-2.1141073416141016
-0.1584461785778044,0.5642001979419496,0.2977883974444348,0.024703096220624714,-1.954720739571348
-0.1584461785778044,-1.1916571115246206,1.5832307285124099,-1.243402122996029,0.6090917526738501
-0.1584461785778044,-1.1916571115246206,1.2606728604888273,0.8872828874747177,-0.9045288831043116
-0.1584461785778044,-1.1916571115246206,1.6461045291771048,0.41883764729113837,-1.0604954263017734
-0.1584461785778044,-1.1916571115246206,1.6687533789008204,-0.10664918255941569,-0.6460605418212149
-0.1584461785778044,-1.1916571115246206,1.7137188753173251,0.2023313942393522,0.11530044054185151
-0.1584461785778044,-1.1916571115246206,1.6687533789008204,-0.10664918255941569,-0.38967216366037316
-0.1584461785778044,-1.1916571115246206,0.8272556341769658,1.9899498974458345,-1.269387401170721
-0.1584461785778044,-1.1916571115246206,1.554937034865939,-0.5557255858887628,0.8527884441682048
-0.1584461785778044,-0.28787139290311453,1.2550801313008098,-0.5557255858887628,0.8527884441682048
-0.1584461785778044,-0.842122143333576,0.9099478120192367,2.0810355434744627,-0.8009105168588366
-0.1584461785778044,-0.8363852534918877,0.44298714334994477,1.7440472295598661,-0.8009105168588366
-0.1584461785778044,-0.8344756965286911,0.45084278095717006,1.4238814489375995,0.31398149818233967
-0.1584461785778044,-1.1916571115246206,0.9640255602307025,-1.243402122996029,-0.38967216366037316
-0.1584461785778044,0.9118908560679784,-0.8617910780813054,-1.243402122996029,0.36339335737978967
-0.1584461785778044,-1.1916571115246206,1.6461045291771048,0.43491756086962485,-1.0604954263017734
-0.1584461785778044,0.41467540107419554,-1.5510854392539895,-0.012205554959443459,0.06534823193382736
-0.1584461785778044,0.5028536170922696,-1.355731805749533,0.11488047905312133,-0.03493314406437228
-0.1584461785778044,0.6824532334068506,-0.4755475266139107,0.024703096220624714,0.31398149818233967
-0.1584461785778044,0.8141242135409923,-0.30556333158063315,0.6223787727924063,-1.2170685645269381
-0.1584461785778044,-1.1916571115246206,1.4070652907114376,0.6223787727924063,-1.0604954263017734
-0.1584461785778044,0.8642127297347516,0.036875378236064835,0.32071029621489233,-1.008437056099461
-0.1584461785778044,0.4374648656669673,0.6186900056194703,0.545450349414273,-1.1648126797665288
-0.1584461785778044,0.8141242135409923,-0.056590156006407884,0.7570329012759931,-1.0604954263017734
-0.1584461785778044,-1.1916571115246206,1.554357732867357,0.545450349414273,-1.6372763166842634
-1.6050182514198748,-1.1916571115246206,-1.2918041491960124,-1.243402122996029,-0.9668399303670269
-1.6050182514198748,0.5063630702205568,-1.2918041491960124,0.40268158805920384,-0.3845678677936471
-1.6050182514198748,0.5154300044655353,-1.1284560386113944,-0.42817754113955836,-0.14077451332651778
-1.6050182514198748,0.5161240426848576,-1.2613342351313304,0.35374281027672905,-0.3641604564364096
-1.6050182514198748,-0.9119264830860877,-1.1983087263188301,-0.32469984179334915,-1.332251222282994
-1.6050182514198748,-0.28640675378757224,-1.1845259658471148,0.13257897007064567,-0.9149068994103211
-1.6050182514198748,0.04023022858195958,-1.2664027950462005,0.3701355849537543,-0.9564476447482678
-1.6050182514198748,0.22379143856433428,-1.1807722464330417,0.6527114550472604,-0.5278445847115272
-1.6050182514198748,-1.1916571115246206,-0.9778162395471489,0.6828045006571444,-0.8216102897843607
-1.6050182514198748,-1.1916571115246206,-0.30556333158063315,-0.08751719768381684,0.4520971471215973
-1.6050182514198748,-1.1916571115246206,-0.7045270348045068,0.9438897298155815,-1.206612307570335
-1.6050182514198748,-1.1916571115246206,-0.924878430274809,0.3040674439805841,-0.6357630486279375
-1.6050182514198748,-1.1916571115246206,-0.29107173540157694,0.006311482775086209,0.5061617965444855
-0.8679293346046539,-1.1916571115246206,-1.2918041491960124,-1.243402122996029,-0.9668399303670269
-0.8679293346046539,0.5063630702205568,-1.2918041491960124,0.40268158805920384,-0.3845678677936471
-0.8679293346046539,0.5154300044655353,-1.1284560386113944,-0.42817754113955836,-0.14077451332651778
-0.8679293346046539,0.5161240426848576,-1.2613342351313304,0.35374281027672905,-0.3641604564364096
-0.8679293346046539,-0.9119264830860877,-1.1983087263188301,-0.32469984179334915,-1.332251222282994
-0.8679293346046539,-0.28640675378757224,-1.1845259658471148,0.13257897007064567,-0.9149068994103211
-0.8679293346046539,0.04023022858195958,-1.2664027950462005,0.3701355849537543,-0.9564476447482678
-0.8679293346046539,0.22379143856433428,-1.1807722464330417,0.6527114550472604,-0.5278445847115272
-0.8679293346046539,-1.1916571115246206,-0.9778162395471489,0.6828045006571444,-0.8216102897843607
-0.8679293346046539,-1.1916571115246206,-0.30556333158063315,-0.08751719768381684,0.4520971471215973
-0.8679293346046539,-1.1916571115246206,-0.7045270348045068,0.9438897298155815,-1.206612307570335
-0.8679293346046539,-1.1916571115246206,-0.924878430274809,0.3040674439805841,-0.6357630486279375
-0.8679293346046539,-1.1916571115246206,-0.29107173540157694,0.006311482775086209,0.5061617965444855
-0.1584461785778044,-1.1916571115246206,-1.2918041491960124,-1.243402122996029,-0.9668399303670269
-0.1584461785778044,0.5063630702205568,-1.2918041491960124,0.40268158805920384,-0.3845678677936471
-0.1584461785778044,0.5154300044655353,-1.1284560386113944,-0.42817754113955836,-0.14077451332651778
-0.1584461785778044,0.5161240426848576,-1.2613342351313304,0.35374281027672905,-0.3641604564364096
-0.1584461785778044,-0.9119264830860877,-1.1983087263188301,-0.32469984179334915,-1.332251222282994
-0.1584461785778044,-0.28640675378757224,-1.1845259658471148,0.13257897007064567,-0.9149068994103211
-0.1584461785778044,0.04023022858195958,-1.2664027950462005,0.3701355849537543,-0.9564476447482678
-0.1584461785778044,0.22379143856433428,-1.1807722464330417,0.6527114550472604,-0.5278445847115272
-0.1584461785778044,-1.1916571115246206,-0.9778162395471489,0.6828045006571444,-0.8216102897843607
-0.1584461785778044,-1.1916571115246206,-0.30556333158063315,-0.08751719768381684,0.4520971471215973
-0.1584461785778044,-1.1916571115246206,-0.7045270348045068,0.9438897298155815,-1.206612307570335
-0.1584461785778044,-1.1916571115246206,-0.924878430274809,0.3040674439805841,-0.6357630486279375
-0.1584461785778044,-1.1916571115246206,-0.29107173540157694,0.006311482775086209,0.5061617965444855
0.6241601226529326,-1.1916571115246206,-1.2918041491960124,-1.243402122996029,-0.9668399303670269
0.6241601226529326,0.5063630702205568,-1.2918041491960124,0.40268158805920384,-0.3845678677936471
0.6241601226529326,0.5154300044655353,-1.1284560386113944,-0.42817754113955836,-0.14077451332651778
0.6241601226529326,0.5161240426848576,-1.2613342351313304,0.35374281027672905,-0.3641604564364096
0.6241601226529326,-0.9119264830860877,-1.1983087263188301,-0.32469984179334915,-1.332251222282994
0.6241601226529326,-0.28640675378757224,-1.1845259658471148,0.13257897007064567,-0.9149068994103211
0.6241601226529326,0.04023022858195958,-1.2664027950462005,0.3701355849537543,-0.9564476447482678
0.6241601226529326,0.22379143856433428,-1.1807722464330417,0.6527114550472604,-0.5278445847115272
0.6241601226529326,-1.1916571115246206,-0.9778162395471489,0.6828045006571444,-0.8216102897843607
0.6241601226529326,-1.1916571115246206,-0.30556333158063315,-0.08751719768381684,0.4520971471215973
0.6241601226529326,-1.1916571115246206,-0.7045270348045068,0.9438897298155815,-1.206612307570335
0.6241601226529326,-1.1916571115246206,-0.924878430274809,0.3040674439805841,-0.6357630486279375
0.6241601226529326,-1.1916571115246206,-0.29107173540157694,0.006311482775086209,0.5061617965444855
1.242406474093964,-1.1916571115246206,-1.2918041491960124,-1.243402122996029,-0.9668399303670269
1.242406474093964,0.5063630702205568,-1.2918041491960124,0.40268158805920384,-0.3845678677936471
1.242406474093964,0.5154300044655353,-1.1284560386113944,-0.42817754113955836,-0.14077451332651778
1.242406474093964,0.5161240426848576,-1.2613342351313304,0.35374281027672905,-0.3641604564364096
1.242406474093964,-0.9119264830860877,-1.1983087263188301,-0.32469984179334915,-1.332251222282994
1.242406474093964,-0.28640675378757224,-1.1845259658471148,0.13257897007064567,-0.9149068994103211
1.242406474093964,0.04023022858195958,-1.2664027950462005,0.3701355849537543,-0.9564476447482678
1.242406474093964,0.22379143856433428,-1.1807722464330417,0.6527114550472604,-0.5278445847115272
1.242406474093964,-1.1916571115246206,-0.9778162395471489,0.6828045006571444,-0.8216102897843607
1.242406474093964,-1.1916571115246206,-0.30556333158063315,-0.08751719768381684,0.4520971471215973
1.242406474093964,-1.1916571115246206,-0.7045270348045068,0.9438897298155815,-1.206612307570335
1.242406474093964,-1.1916571115246206,-0.924878430274809,0.3040674439805841,-0.6357630486279375
1.242406474093964,-1.1916571115246206,-0.29107173540157694,0.006311482775086209,0.5061617965444855
-0.1584461785778044,-0.7151130605142232,1.2295032224815694,0.9298083119702887,-1.0604954263017734
-0.1584461785778044,-0.7151130605142232,1.2295032224815694,0.9298083119702887,-1.0604954263017734
-0.1584461785778044,-0.7151130605142232,1.2295032224815694,0.9298083119702887,-1.0604954263017734
-0.1584461785778044,-0.7151130605142232,1.2295032224815694,0.7422987839278464,-1.0604954263017734
-1.6050182514198748,-0.7151130605142232,1.2295032224815694,0.9298083119702887,-1.0604954263017734
-1.6050182514198748,-0.7151130605142232,1.2295032224815694,0.9298083119702887,-1.0604954263017734
-1.6050182514198748,-0.7151130605142232,1.2295032224815694,0.9298083119702887,-1.0604954263017734
-1.3187009911508798,-0.7151130605142232,1.2295032224815694,0.9298083119702887,-1.0604954263017734
-1.3187009911508798,-0.7151130605142232,1.2295032224815694,0.9298083119702887,-1.0604954263017734
-1.3187009911508798,-0.7151130605142232,1.2295032224815694,0.9298083119702887,-1.0604954263017734
0.6241601226529326,-0.7151130605142232,1.2295032224815694,0.9298083119702887,-1.0604954263017734
0.6241601226529326,-0.7151130605142232,1.2295032224815694,0.9298083119702887,-1.0604954263017734
0.6241601226529326,-0.7151130605142232,1.2295032224815694,0.9298083119702887,-1.0604954263017734
0.6241601226529326,-0.7151130605142232,1.2295032224815694,0.7422987839278464,-1.0604954263017734
-0.1584461785778044,-0.7890572636269472,0.8411741458113944,1.2953213787227338,-1.321767852047914
-0.1584461785778044,-0.7890572636269472,0.8411741458113944,1.2429465288675705,-1.321767852047914
-0.1584461785778044,-0.7890572636269472,0.8411741458113944,0.9298083119702887,-1.321767852047914
-1.6050182514198748,-0.7890572636269472,0.8411741458113944,1.2953213787227338,-1.321767852047914
-1.6050182514198748,-0.7890572636269472,0.8411741458113944,1.2429465288675705,-1.321767852047914
-1.6050182514198748,-0.7890572636269472,0.8411741458113944,0.9298083119702887,-1.321767852047914
-1.3187009911508798,-0.7890572636269472,0.8411741458113944,1.2953213787227338,-1.321767852047914
-1.3187009911508798,-0.7890572636269472,0.8411741458113944,1.2429465288675705,-1.321767852047914
-1.3187009911508798,-0.7890572636269472,0.8411741458113944,0.9298083119702887,-1.321767852047914
0.6241601226529326,-0.7890572636269472,0.8411741458113944,1.2953213787227338,-1.321767852047914
0.6241601226529326,-0.7890572636269472,0.8411741458113944,1.2429465288675705,-1.321767852047914
0.6241601226529326,-0.7890572636269472,0.8411741458113944,0.9298083119702887,-1.321767852047914
-0.1584461785778044,-0.8078857276983167,0.6112548352055612,1.1364436788664727,-1.954720739571348
-0.1584461785778044,-0.8078857276983167,0.6112548352055612,1.0274328076145256,-1.954720739571348
-0.1584461785778044,-0.6789626818518051,1.5019062870966258,-0.3657763570121524,1.335242516376545
-0.1584461785778044,-0.6789626818518051,1.5019062870966258,-0.3657763570121524,0.901313947825657
-1.6050182514198748,-0.6789626818518051,1.5019062870966258,-0.3657763570121524,1.335242516376545
-1.3187009911508798,-0.6789626818518051,1.5019062870966258,-0.3657763570121524,1.335242516376545
0.6241601226529326,-0.6789626818518051,1.5019062870966258,-0.3657763570121524,1.335242516376545
-1.6050182514198748,-0.6789626818518051,1.5019062870966258,-0.3657763570121524,0.901313947825657
-1.3187009911508798,-0.6789626818518051,1.5019062870966258,-0.3657763570121524,0.901313947825657
0.6241601226529326,-0.6789626818518051,1.5019062870966258,-0.3657763570121524,0.901313947825657
-0.1584461785778044,-0.7518112412221449,1.0893537715669663,0.4668541571410588,-0.23698126107914957
-1.6050182514198748,-0.7518112412221449,1.0893537715669663,0.4668541571410588,-0.23698126107914957
-0.1584461785778044,-0.7518112412221449,1.0893537715669663,0.5298687957617697,-0.7492147603647584
-1.3187009911508798,-0.7518112412221449,1.0893537715669663,0.4668541571410588,-0.23698126107914957
0.6241601226529326,-0.7518112412221449,1.0893537715669663,0.4668541571410588,-0.23698126107914957
-1.6050182514198748,-0.7518112412221449,1.0893537715669663,0.5298687957617697,-0.7492147603647584
-1.3187009911508798,-0.7518112412221449,1.0893537715669663,0.5298687957617697,-0.7492147603647584
0.6241601226529326,-0.7518112412221449,1.0893537715669663,0.5298687957617697,-0.7492147603647584
-0.1584461785778044,-0.9634449401335202,-0.8381795196427939,-0.843946937498388,1.1429766104801147
-1.6050182514198748,-0.9634449401335202,-0.8381795196427939,-0.843946937498388,1.1429766104801147
-1.3187009911508798,-0.9634449401335202,-0.8381795196427939,-0.843946937498388,1.1429766104801147
0.6241601226529326,-0.9634449401335202,-0.8381795196427939,-0.843946937498388,1.1429766104801147
-0.1584461785778044,-0.8845693821072522,0.027692133483199342,-0.04961544391849081,-0.1862955367981944
-1.6050182514198748,-0.8845693821072522,0.027692133483199342,-0.04961544391849081,-0.1862955367981944
-1.3187009911508798,-0.8845693821072522,0.027692133483199342,-0.04961544391849081,-0.1862955367981944
0.6241601226529326,-0.8845693821072522,0.027692133483199342,-0.04961544391849081,-0.1862955367981944
-0.1584461785778044,-0.8078857276983167,0.6408918061687578,0.8299040488606387,-1.4792663493678324
-0.1584461785778044,-0.8078857276983167,0.6408918061687578,0.8299040488606387,-1.4792663493678324
-1.6050182514198748,-0.8078857276983167,0.6408918061687578,0.8299040488606387,-1.4792663493678324
-1.6050182514198748,-0.8078857276983167,0.6408918061687578,0.8299040488606387,-1.4792663493678324
-1.3187009911508798,-0.8078857276983167,0.6408918061687578,0.8299040488606387,-1.4792663493678324
-1.3187009911508798,-0.8078857276983167,0.6408918061687578,0.8299040488606387,-1.4792663493678324
0.6241601226529326,-0.8078857276983167,0.6408918061687578,0.8299040488606387,-1.4792663493678324
0.6241601226529326,-0.8078857276983167,0.6408918061687578,0.8299040488606387,-1.4792663493678324
-0.1584461785778044,-1.1916571115246206,1.1664219949806212,-1.243402122996029,1.7172817811214571
1.1315968367649079,-1.1916571115246206,0.07326165761436623,-1.243402122996029,0.46193496941646706
-1.6050182514198748,-1.1916571115246206,0.07326165761436623,-1.243402122996029,0.46193496941646706
-1.6050182514198748,-1.1916571115246206,0.8825992664964641,-1.243402122996029,0.46193496941646706
1.1315968367649079,-1.1916571115246206,0.8825992664964641,-1.243402122996029,0.46193496941646706
-0.1584461785778044,-1.1916571115246206,0.8825992664964641,-1.243402122996029,0.46193496941646706
-0.1584461785778044,-1.1916571115246206,1.4369290050318115,-1.243402122996029,0.46193496941646706
-1.3187009911508798,-1.1916571115246206,1.4369290050318115,-1.243402122996029,0.46193496941646706
1.1315968367649079,-1.1916571115246206,1.4369290050318115,-1.243402122996029,0.46193496941646706
-1.6050182514198748,-1.1916571115246206,1.4369290050318115,-1.243402122996029,0.46193496941646706
-1.6050182514198748,-1.1916571115246206,0.44298714334994477,-1.243402122996029,0.46193496941646706
1.1315968367649079,-1.1916571115246206,-0.2540980440079122,-1.243402122996029,0.46193496941646706
-1.3187009911508798,-1.1916571115246206,-0.2540980440079122,-1.243402122996029,0.46193496941646706
-1.3187009911508798,-1.1916571115246206,0.07326165761436623,-1.243402122996029,0.46193496941646706
-0.1584461785778044,-1.1916571115246206,-0.2540980440079122,-1.243402122996029,0.46193496941646706
-0.1584461785778044,-1.1916571115246206,0.44298714334994477,-1.243402122996029,0.46193496941646706
-1.3187009911508798,-1.1916571115246206,0.44298714334994477,-1.243402122996029,0.46193496941646706
-0.1584461785778044,-1.1916571115246206,0.07326165761436623,-1.243402122996029,0.46193496941646706
1.1315968367649079,-1.1916571115246206,0.44298714334994477,-1.243402122996029,0.46193496941646706
-1.3187009911508798,-1.1916571115246206,0.8825992664964641,-1.243402122996029,0.46193496941646706
-1.6050182514198748,-1.1916571115246206,-0.2540980440079122,-1.243402122996029,0.46193496941646706
-1.3187009911508798,1.0754321644497102,-1.371164007243053,-1.243402122996029,0.1501965118479407
-1.3187009911508798,-0.7890572636269472,-0.4151538866737047,-1.243402122996029,0.1501965118479407
-1.3187009911508798,0.6987468340000795,-0.4301628947274453,-1.243402122996029,0.1501965118479407
-0.1584461785778044,1.203341988954522,-1.0802739366404939,-1.243402122996029,0.1501965118479407
-0.1584461785778044,1.2619138810188248,-0.9392656486623285,-1.243402122996029,0.1501965118479407
-1.3187009911508798,0.7629934268172809,-0.24899614147377835,-1.243402122996029,0.1501965118479407
-1.3187009911508798,0.8238378579538458,-0.07763865196578562,-1.243402122996029,0.1501965118479407
-0.1584461785778044,-0.7890572636269472,-0.4151538866737047,-1.243402122996029,0.1501965118479407
-0.1584461785778044,0.6294295578644971,-0.6215974634801948,-1.243402122996029,0.1501965118479407
-0.1584461785778044,-1.1916571115246206,0.9099478120192367,-1.243402122996029,0.1501965118479407
-1.3187009911508798,-1.1916571115246206,0.8097782226545575,-1.243402122996029,0.1501965118479407
-1.3187009911508798,1.343138370214242,-0.736733063063072,-1.243402122996029,0.1501965118479407
-0.1584461785778044,1.0754321644497102,-1.371164007243053,-1.243402122996029,0.1501965118479407
-1.3187009911508798,-1.1916571115246206,0.13390563972031044,-1.243402122996029,0.1501965118479407
-0.1584461785778044,0.7629934268172809,-0.24899614147377835,-1.243402122996029,0.1501965118479407
-1.3187009911508798,0.5555699037552891,-0.820541595052161,-1.243402122996029,0.1501965118479407
-1.3187009911508798,-1.1916571115246206,0.9099478120192367,-1.243402122996029,0.1501965118479407
-0.1584461785778044,-1.1916571115246206,0.8020599025334868,-1.243402122996029,0.1501965118479407
-0.1584461785778044,-1.1916571115246206,0.13390563972031044,-1.243402122996029,0.1501965118479407
-0.1584461785778044,1.4184723640085082,-0.541299898650163,-1.243402122996029,0.1501965118479407
-1.3187009911508798,0.6294295578644971,-0.6215974634801948,-1.243402122996029,0.1501965118479407
-0.1584461785778044,0.9604868005114394,0.3068800315778688,-1.243402122996029,0.1501965118479407
-1.3187009911508798,0.9280505496088598,-1.6748316896893978,-1.243402122996029,0.1501965118479407
-0.1584461785778044,-1.1916571115246206,-0.43123725923933304,-1.243402122996029,0.1501965118479407
-1.3187009911508798,-1.1916571115246206,0.49135975256315695,-1.243402122996029,0.1501965118479407
-0.1584461785778044,0.9280505496088598,-1.6748316896893978,-1.243402122996029,0.1501965118479407
-1.3187009911508798,1.2619138810188248,-0.9392656486623285,-1.243402122996029,0.1501965118479407
-0.1584461785778044,0.5555699037552891,-0.820541595052161,-1.243402122996029,0.1501965118479407
-1.3187009911508798,0.8811622739797228,0.0840721460481773,-1.243402122996029,0.1501965118479407
-1.3187009911508798,1.203341988954522,-1.0802739366404939,-1.243402122996029,0.1501965118479407
-0.1584461785778044,0.6795152842266658,-1.2247044552477335,-1.243402122996029,0.1501965118479407
-0.1584461785778044,1.343138370214242,-0.736733063063072,-1.243402122996029,0.1501965118479407
-1.3187009911508798,1.4184723640085082,-0.541299898650163,-1.243402122996029,0.1501965118479407
-0.1584461785778044,0.8811622739797228,0.0840721460481773,-1.243402122996029,0.1501965118479407
-1.3187009911508798,-1.1916571115246206,0.8020599025334868,-1.243402122996029,0.1501965118479407
-0.1584461785778044,0.6987468340000795,-0.4301628947274453,-1.243402122996029,0.1501965118479407
-1.3187009911508798,0.475045586822903,-1.0275985328903814,-1.243402122996029,0.1501965118479407
-0.1584461785778044,-1.1916571115246206,0.49135975256315695,-1.243402122996029,0.1501965118479407
-1.3187009911508798,-1.1916571115246206,-0.43123725923933304,-1.243402122996029,0.1501965118479407
-0.1584461785778044,-1.1916571115246206,-0.2797296942406895,-1.243402122996029,0.1501965118479407
-0.1584461785778044,-1.1916571115246206,0.8097782226545575,-1.243402122996029,0.1501965118479407
-1.3187009911508798,-1.1916571115246206,-0.2797296942406895,-1.243402122996029,0.1501965118479407
-1.3187009911508798,0.9604868005114394,0.3068800315778688,-1.243402122996029,0.1501965118479407
-0.1584461785778044,0.475045586822903,-1.0275985328903814,-1.243402122996029,0.1501965118479407
-1.3187009911508798,0.6795152842266658,-1.2247044552477335,-1.243402122996029,0.1501965118479407
-0.1584461785778044,0.8238378579538458,-0.07763865196578562,-1.243402122996029,0.1501965118479407
-1.6050182514198748,-1.1916571115246206,0.48981153655455756,-1.243402122996029,0.7067928375145122
-1.3187009911508798,-1.1916571115246206,0.48981153655455756,-1.243402122996029,0.7067928375145122
-0.8679293346046539,-1.1916571115246206,0.48981153655455756,-1.243402122996029,0.7067928375145122
-0.1584461785778044,-1.1916571115246206,0.48981153655455756,-1.243402122996029,0.7067928375145122
1.1315968367649079,-1.1916571115246206,0.48981153655455756,-1.243402122996029,0.7067928375145122
-0.1584461785778044,-1.1916571115246206,0.48981153655455756,-1.243402122996029,0.7067928375145122
-0.1584461785778044,-1.1916571115246206,0.48981153655455756,-1.243402122996029,0.7067928375145122
-1.6050182514198748,-1.1916571115246206,-0.4538692011990895,-1.243402122996029,0.5601228725162367
-0.8679293346046539,-1.1916571115246206,-0.4538692011990895,-1.243402122996029,0.5601228725162367
-0.1584461785778044,-1.1916571115246206,-0.4538692011990895,-1.243402122996029,0.5601228725162367
1.1315968367649079,-1.1916571115246206,-0.4538692011990895,-1.243402122996029,0.5601228725162367
-0.1584461785778044,-1.1916571115246206,-0.4538692011990895,-1.243402122996029,0.5110715690937722
-0.1584461785778044,-1.1916571115246206,-0.4538692011990895,-1.243402122996029,0.5110715690937722
-0.8679293346046539,-1.1916571115246206,-0.03760568098452209,-1.243402122996029,0.41270999847868944
-0.1584461785778044,-1.1916571115246206,-0.03760568098452209,-1.243402122996029,0.41270999847868944
-1.6050182514198748,-1.1916571115246206,-0.03760568098452209,-1.243402122996029,0.41270999847868944
1.1315968367649079,-1.1916571115246206,-0.03760568098452209,-1.243402122996029,0.41270999847868944
-0.1584461785778044,-1.1916571115246206,-0.03760568098452209,-1.243402122996029,0.41270999847868944
-0.1584461785778044,-1.1916571115246206,-0.03760568098452209,-1.243402122996029,0.41270999847868944
-1.6050182514198748,-1.1916571115246206,-0.26432632875215406,-1.243402122996029,0.7555299389369416
1.1315968367649079,-1.1916571115246206,-0.26432632875215406,-1.243402122996029,0.7555299389369416
-0.1584461785778044,-1.1916571115246206,-0.26432632875215406,-1.243402122996029,0.7555299389369416
-0.1584461785778044,-1.1916571115246206,-0.26432632875215406,-1.243402122996029,0.7555299389369416
-0.1584461785778044,-1.1916571115246206,0.2307361098550207,-1.243402122996029,0.5110715690937722
-0.1584461785778044,-1.1916571115246206,0.2307361098550207,-1.243402122996029,0.5110715690937722
-1.6050182514198748,-1.1916571115246206,0.2307361098550207,-1.243402122996029,0.5110715690937722
-0.1584461785778044,-1.1916571115246206,0.2307361098550207,-1.243402122996029,0.5110715690937722
1.1315968367649079,-1.1916571115246206,0.2307361098550207,-1.243402122996029,0.5110715690937722
-1.3187009911508798,-1.1916571115246206,-0.4538692011990895,-1.243402122996029,0.5110715690937722
-1.3187009911508798,-1.1916571115246206,-0.8617910780813054,-1.243402122996029,-0.13572239677990686
-0.1584461785778044,-1.1916571115246206,-0.8617910780813054,-1.243402122996029,-0.13572239677990686
-1.3187009911508798,-1.1916571115246206,-0.5745742766520082,-1.243402122996029,-0.08526655357162669
-0.1584461785778044,-1.1916571115246206,-0.5745742766520082,-1.243402122996029,-0.08526655357162669
-1.3187009911508798,-1.1916571115246206,0.37936759267898457,-1.243402122996029,0.06534823193382736
-0.1584461785778044,-1.1916571115246206,0.37936759267898457,-1.243402122996029,0.06534823193382736
-1.3187009911508798,-1.1916571115246206,-0.056590156006407884,-1.243402122996029,0.015272272247701689
-0.1584461785778044,-1.1916571115246206,-0.056590156006407884,-1.243402122996029,0.015272272247701689
-1.3187009911508798,-1.1916571115246206,0.1706438012152738,-1.243402122996029,0.06534823193382736
-0.1584461785778044,-1.1916571115246206,0.1706438012152738,-1.243402122996029,0.06534823193382736
-1.3187009911508798,-1.1916571115246206,0.7568028138182847,-1.243402122996029,0.1651347536684849
-0.1584461785778044,-1.1916571115246206,0.7568028138182847,-1.243402122996029,0.1651347536684849
-0.1584461785778044,-1.1916571115246206,0.9303223127178158,-1.243402122996029,0.21485650968099373
-1.3187009911508798,-1.1916571115246206,0.9303223127178158,-1.243402122996029,0.21485650968099373
-1.3187009911508798,-1.1916571115246206,-0.30556333158063315,-1.243402122996029,-0.03493314406437228
-0.1584461785778044,-1.1916571115246206,-0.30556333158063315,-1.243402122996029,-0.03493314406437228
-1.3187009911508798,-1.1916571115246206,0.5738135071256274,-1.243402122996029,0.1651347536684849
-0.1584461785778044,-1.1916571115246206,0.5738135071256274,-1.243402122996029,0.1651347536684849
-1.3187009911508798,1.3100758159329595,-0.820541595052161,-1.243402122996029,1.0223401398161964
1.1315968367649079,0.7438770097235224,-0.3034892572957144,-1.243402122996029,1.0223401398161964
1.1315968367649079,1.0667119414733255,-1.3943768812918838,-1.243402122996029,0.46193496941646706
-0.1584461785778044,0.9662318020279059,-1.6000804933025448,-1.243402122996029,1.0223401398161964
-1.6050182514198748,1.1216902400814326,-1.2689385411377592,-1.243402122996029,1.0223401398161964
1.1315968367649079,0.8339609345797883,-1.8524548264222178,-1.243402122996029,1.0223401398161964
-1.6050182514198748,0.4641393132996014,-1.0557149232871195,-1.243402122996029,1.0223401398161964
-1.6050182514198748,0.664693569523464,-2.139368907027879,-1.243402122996029,0.46193496941646706
1.1315968367649079,0.664693569523464,-2.139368907027879,-1.243402122996029,0.46193496941646706
-0.1584461785778044,0.8339609345797883,-1.8524548264222178,-1.243402122996029,1.0223401398161964
-0.1584461785778044,1.1216902400814326,-1.2689385411377592,-1.243402122996029,1.0223401398161964
-1.6050182514198748,0.5374020092062503,-0.8617910780813054,-1.243402122996029,0.46193496941646706
-0.1584461785778044,0.7193099433813241,-2.0506562183589137,-1.243402122996029,1.0223401398161964
-1.3187009911508798,0.9280505496088598,0.21626849508403287,-1.243402122996029,1.0223401398161964
1.1315968367649079,0.7193099433813241,-2.0506562183589137,-1.243402122996029,1.0223401398161964
1.1315968367649079,0.7774925810077475,-1.9433815380204227,-1.243402122996029,0.46193496941646706
-1.3187009911508798,0.9662318020279059,-1.6000804933025448,-1.243402122996029,1.0223401398161964
-0.1584461785778044,1.0667119414733255,-1.3943768812918838,-1.243402122996029,0.46193496941646706
-0.1584461785778044,0.9118908560679784,-1.711126780170752,-1.243402122996029,0.46193496941646706
-1.3187009911508798,0.7438770097235224,-0.3034892572957144,-1.243402122996029,1.0223401398161964
-1.3187009911508798,0.41467540107419554,-1.1907871344299916,-1.243402122996029,0.46193496941646706
-1.6050182514198748,1.2546969736140556,-0.9573028800701653,-1.243402122996029,0.46193496941646706
-0.1584461785778044,1.2546969736140556,-0.9573028800701653,-1.243402122996029,0.46193496941646706
-1.6050182514198748,0.3008111995298903,-1.4462368661834217,-1.243402122996029,0.46193496941646706
-1.6050182514198748,0.8739336546750327,0.06421622194360967,-1.243402122996029,0.46193496941646706
-0.1584461785778044,0.9280505496088598,0.21626849508403287,-1.243402122996029,1.0223401398161964
-1.3187009911508798,0.6883031522294808,-0.4538692011990895,-1.243402122996029,0.46193496941646706
-1.6050182514198748,0.41467540107419554,-1.1907871344299916,-1.243402122996029,0.46193496941646706
-1.3187009911508798,0.5922233746257423,-0.7217531243573424,-1.243402122996029,1.0223401398161964
-1.6050182514198748,0.6883031522294808,-0.4538692011990895,-1.243402122996029,0.46193496941646706
1.1315968367649079,0.4641393132996014,-1.0557149232871195,-1.243402122996029,1.0223401398161964
-1.3187009911508798,1.1216902400814326,-1.2689385411377592,-1.243402122996029,1.0223401398161964
-1.3187009911508798,0.664693569523464,-2.139368907027879,-1.243402122996029,0.46193496941646706
-0.1584461785778044,0.8739336546750327,0.06421622194360967,-1.243402122996029,0.46193496941646706
-0.1584461785778044,0.5922233746257423,-0.7217531243573424,-1.243402122996029,1.0223401398161964
-0.1584461785778044,0.664693569523464,-2.139368907027879,-1.243402122996029,0.46193496941646706
-0.1584461785778044,0.41467540107419554,-1.1907871344299916,-1.243402122996029,0.46193496941646706
-0.1584461785778044,0.4641393132996014,-1.0557149232871195,-1.243402122996029,1.0223401398161964
1.1315968367649079,0.9118908560679784,-1.711126780170752,-1.243402122996029,0.46193496941646706
1.1315968367649079,1.2546969736140556,-0.9573028800701653,-1.243402122996029,0.46193496941646706
-1.3187009911508798,0.9118908560679784,-1.711126780170752,-1.243402122996029,0.46193496941646706
-1.6050182514198748,0.9280505496088598,0.21626849508403287,-1.243402122996029,1.0223401398161964
1.1315968367649079,0.6883031522294808,-0.4538692011990895,-1.243402122996029,0.46193496941646706
-1.6050182514198748,0.7193099433813241,-2.0506562183589137,-1.243402122996029,1.0223401398161964
-1.3187009911508798,1.0667119414733255,-1.3943768812918838,-1.243402122996029,0.46193496941646706
-1.3187009911508798,0.8739336546750327,0.06421622194360967,-1.243402122996029,0.46193496941646706
-1.6050182514198748,0.5922233746257423,-0.7217531243573424,-1.243402122996029,1.0223401398161964
1.1315968367649079,0.5922233746257423,-0.7217531243573424,-1.243402122996029,1.0223401398161964
-0.1584461785778044,0.3008111995298903,-1.4462368661834217,-1.243402122996029,0.46193496941646706
-0.1584461785778044,0.6883031522294808,-0.4538692011990895,-1.243402122996029,0.46193496941646706
-0.1584461785778044,0.7774925810077475,-1.9433815380204227,-1.243402122996029,0.46193496941646706
-1.3187009911508798,0.4641393132996014,-1.0557149232871195,-1.243402122996029,1.0223401398161964
-1.3187009911508798,0.7193099433813241,-2.0506562183589137,-1.243402122996029,1.0223401398161964
-0.1584461785778044,1.3100758159329595,-0.820541595052161,-1.243402122996029,1.0223401398161964
-1.6050182514198748,1.3100758159329595,-0.820541595052161,-1.243402122996029,1.0223401398161964
-1.6050182514198748,0.9118908560679784,-1.711126780170752,-1.243402122996029,0.46193496941646706
1.1315968367649079,0.8739336546750327,0.06421622194360967,-1.243402122996029,0.46193496941646706
-1.3187009911508798,0.5374020092062503,-0.8617910780813054,-1.243402122996029,0.46193496941646706
-0.1584461785778044,0.5374020092062503,-0.8617910780813054,-1.243402122996029,0.46193496941646706
-1.6050182514198748,0.7438770097235224,-0.3034892572957144,-1.243402122996029,1.0223401398161964
-1.6050182514198748,0.8339609345797883,-1.8524548264222178,-1.243402122996029,1.0223401398161964
1.1315968367649079,0.3008111995298903,-1.4462368661834217,-1.243402122996029,0.46193496941646706
1.1315968367649079,0.5374020092062503,-0.8617910780813054,-1.243402122996029,0.46193496941646706
-1.6050182514198748,0.7774925810077475,-1.9433815380204227,-1.243402122996029,0.46193496941646706
1.1315968367649079,0.41467540107419554,-1.1907871344299916,-1.243402122996029,0.46193496941646706
-0.1584461785778044,0.7438770097235224,-0.3034892572957144,-1.243402122996029,1.0223401398161964
1.1315968367649079,0.9280505496088598,0.21626849508403287,-1.243402122996029,1.0223401398161964
-1.3187009911508798,1.2546969736140556,-0.9573028800701653,-1.243402122996029,0.46193496941646706
-1.6050182514198748,1.0667119414733255,-1.3943768812918838,-1.243402122996029,0.46193496941646706
-1.3187009911508798,0.3008111995298903,-1.4462368661834217,-1.243402122996029,0.46193496941646706
1.1315968367649079,0.9662318020279059,-1.6000804933025448,-1.243402122996029,1.0223401398161964
-1.3187009911508798,0.7774925810077475,-1.9433815380204227,-1.243402122996029,0.46193496941646706
-1.6050182514198748,0.9662318020279059,-1.6000804933025448,-1.243402122996029,1.0223401398161964
-1.3187009911508798,0.8339609345797883,-1.8524548264222178,-1.243402122996029,1.0223401398161964
1.1315968367649079,1.1216902400814326,-1.2689385411377592,-1.243402122996029,1.0223401398161964
1.1315968367649079,1.3100758159329595,-0.820541595052161,-1.243402122996029,1.0223401398161964
-1.6050182514198748,-1.1916571115246206,0.2560766591676426,-1.243402122996029,0.46193496941646706
-1.3187009911508798,-1.1916571115246206,0.2560766591676426,-1.243402122996029,0.46193496941646706
-0.1584461785778044,-1.1916571115246206,0.2560766591676426,-1.243402122996029,0.46193496941646706
1.1315968367649079,-1.1916571115246206,0.2560766591676426,-1.243402122996029,0.46193496941646706
1.4329651803863965,-1.1916571115246206,0.2560766591676426,-1.243402122996029,0.46193496941646706
-1.6050182514198748,-1.1916571115246206,0.4272125017082733,-1.243402122996029,0.46193496941646706
-1.3187009911508798,-1.1916571115246206,0.4272125017082733,-1.243402122996029,0.46193496941646706
-0.1584461785778044,-1.1916571115246206,0.4272125017082733,-1.243402122996029,0.46193496941646706
1.1315968367649079,-1.1916571115246206,0.4272125017082733,-1.243402122996029,0.46193496941646706
1.4329651803863965,-1.1916571115246206,0.4272125017082733,-1.243402122996029,0.46193496941646706
-1.6050182514198748,-1.1916571115246206,0.5662711489737193,-1.243402122996029,0.46193496941646706
-1.3187009911508798,-1.1916571115246206,0.5662711489737193,-1.243402122996029,0.46193496941646706
-0.1584461785778044,-1.1916571115246206,0.5662711489737193,-1.243402122996029,0.46193496941646706
1.1315968367649079,-1.1916571115246206,0.5662711489737193,-1.243402122996029,0.46193496941646706
1.4329651803863965,-1.1916571115246206,0.5662711489737193,-1.243402122996029,0.46193496941646706
-1.3187009911508798,-1.1916571115246206,-0.4323119287961198,-1.243402122996029,0.1651347536684849
-0.1584461785778044,-1.1916571115246206,-0.4323119287961198,-1.243402122996029,0.1651347536684849
-1.3187009911508798,-1.1916571115246206,0.13566717649902418,-1.243402122996029,0.1651347536684849
-0.1584461785778044,-1.1916571115246206,0.13566717649902418,-1.243402122996029,0.1651347536684849
-1.3187009911508798,-1.1916571115246206,0.144456499941457,-1.243402122996029,0.1651347536684849
-0.1584461785778044,-1.1916571115246206,1.4369290050318115,-1.243402122996029,0.46193496941646706
1.1315968367649079,-1.1916571115246206,1.4369290050318115,-1.243402122996029,0.46193496941646706
-0.1584461785778044,-1.1916571115246206,0.9099478120192367,-1.243402122996029,0.1651347536684849
-1.3187009911508798,-1.1916571115246206,-7.285783089986327e-05,-1.243402122996029,0.1651347536684849
-0.1584461785778044,-1.1916571115246206,-7.285783089986327e-05,-1.243402122996029,0.11530044054185151
-1.756012019199713,-1.1916571115246206,1.554357732867357,-1.243402122996029,0.8527884441682048
-1.6050182514198748,-1.1916571115246206,1.554357732867357,-1.243402122996029,0.8527884441682048
-1.3187009911508798,-1.1916571115246206,1.554357732867357,-1.243402122996029,0.8527884441682048
-0.8679293346046539,-1.1916571115246206,1.554357732867357,-1.243402122996029,0.8527884441682048
-0.1584461785778044,-1.1916571115246206,1.554357732867357,-1.243402122996029,0.8527884441682048
-1.3187009911508798,-1.1916571115246206,1.7803630170182545,-1.243402122996029,-0.491957607233482
-0.8679293346046539,-1.1916571115246206,1.7803630170182545,-1.243402122996029,-0.491957607233482
-0.1584461785778044,-1.1916571115246206,1.7803630170182545,-1.243402122996029,-0.491957607233482
1.1315968367649079,-1.1916571115246206,1.7803630170182545,-1.243402122996029,-0.491957607233482
-0.1584461785778044,-1.1916571115246206,1.7803630170182545,-1.243402122996029,-0.491957607233482
-0.1584461785778044,-1.1916571115246206,1.7803630170182545,-1.243402122996029,-0.491957607233482
-1.3187009911508798,-1.1916571115246206,0.5738135071256274,-1.243402122996029,0.9981668902644204
-0.8679293346046539,-1.1916571115246206,0.5738135071256274,-1.243402122996029,0.9981668902644204
-0.1584461785778044,-1.1916571115246206,0.5738135071256274,-1.243402122996029,0.9981668902644204
0.6241601226529326,-1.1916571115246206,0.5738135071256274,-1.243402122996029,0.9981668902644204
1.1315968367649079,-1.1916571115246206,0.5738135071256274,-1.243402122996029,0.9981668902644204
-0.1584461785778044,-1.1916571115246206,0.5738135071256274,-1.243402122996029,0.9981668902644204
-1.756012019199713,-1.1916571115246206,0.8272556341769658,-1.243402122996029,0.1651347536684849
-1.6050182514198748,-1.1916571115246206,0.8272556341769658,-1.243402122996029,0.1651347536684849
-1.3187009911508798,-1.1916571115246206,0.8272556341769658,-1.243402122996029,0.1651347536684849
-0.8679293346046539,-1.1916571115246206,0.8272556341769658,-1.243402122996029,0.1651347536684849
-0.1584461785778044,-1.1916571115246206,0.8272556341769658,-1.243402122996029,0.1651347536684849
-0.1584461785778044,-1.1916571115246206,0.4272125017082733,-1.243402122996029,0.46193496941646706
-0.1584461785778044,-1.1916571115246206,0.4272125017082733,-1.243402122996029,0.46193496941646706
-1.6050182514198748,-1.1916571115246206,0.5662711489737193,-1.243402122996029,0.46193496941646706
-1.6050182514198748,-1.1916571115246206,0.4272125017082733,-1.243402122996029,0.46193496941646706
-1.3187009911508798,-1.1916571115246206,0.8062720507935115,-1.243402122996029,0.1651347536684849
-0.1584461785778044,-1.1916571115246206,0.8062720507935115,-1.243402122996029,0.1651347536684849
-1.3187009911508798,-1.1916571115246206,0.8062720507935115,-1.243402122996029,0.1651347536684849
-0.1584461785778044,-1.1916571115246206,-7.285783089986327e-05,-1.243402122996029,0.1651347536684849
-1.3187009911508798,-1.1916571115246206,0.48981153655455756,-1.243402122996029,0.11530044054185151
-0.1584461785778044,-1.1916571115246206,0.48981153655455756,-1.243402122996029,0.11530044054185151
-1.3187009911508798,-1.1916571115246206,0.12684715680030523,-1.243402122996029,0.11530044054185151
-0.1584461785778044,-1.1916571115246206,0.12684715680030523,-1.243402122996029,0.11530044054185151
-0.1584461785778044,-1.1916571115246206,-0.4323119287961198,-1.243402122996029,0.11530044054185151
-1.3187009911508798,-1.1916571115246206,0.13566717649902418,-1.243402122996029,0.46193496941646706
-0.1584461785778044,-1.1916571115246206,0.13566717649902418,-1.243402122996029,0.46193496941646706
1.1315968367649079,-1.1916571115246206,0.13566717649902418,-1.243402122996029,0.46193496941646706
-1.3187009911508798,-1.1916571115246206,0.4272125017082733,-1.243402122996029,0.46193496941646706
-0.1584461785778044,-1.1916571115246206,0.4272125017082733,-1.243402122996029,0.46193496941646706
1.1315968367649079,-1.1916571115246206,0.4272125017082733,-1.243402122996029,0.46193496941646706
-1.3187009911508798,-1.1916571115246206,0.5662711489737193,-1.243402122996029,0.46193496941646706
-0.1584461785778044,-1.1916571115246206,0.5662711489737193,-1.243402122996029,0.46193496941646706
1.1315968367649079,-1.1916571115246206,0.5662711489737193,-1.243402122996029,0.46193496941646706
-0.1584461785778044,-1.1916571115246206,0.5662711489737193,-1.243402122996029,0.46193496941646706
-0.1584461785778044,-1.1916571115246206,0.5662711489737193,-1.243402122996029,0.46193496941646706
-0.8679293346046539,-1.1916571115246206,0.18795483551928807,-1.243402122996029,0.9981668902644204
-0.1584461785778044,-1.1916571115246206,0.18795483551928807,-1.243402122996029,0.9981668902644204
-0.1584461785778044,-1.1916571115246206,1.6969080860116528,-1.243402122996029,0.31398149818233967
1.1315968367649079,-1.1916571115246206,1.554357732867357,-1.243402122996029,0.8527884441682048
-0.1584461785778044,-1.1916571115246206,1.554357732867357,-1.243402122996029,0.8527884441682048
-0.1584461785778044,-1.1916571115246206,1.554357732867357,-1.243402122996029,0.8527884441682048
-1.6050182514198748,-1.1916571115246206,1.7803630170182545,-1.243402122996029,-0.491957607233482
-1.3187009911508798,-1.1916571115246206,-0.2848803307921931,-1.243402122996029,0.11530044054185151
-0.1584461785778044,-1.1916571115246206,-0.2848803307921931,-1.243402122996029,0.11530044054185151
-0.1584461785778044,-1.1916571115246206,0.48981153655455756,-1.243402122996029,0.11530044054185151
-1.6050182514198748,-1.1916571115246206,0.8825992664964641,-1.243402122996029,0.46193496941646706
-0.1584461785778044,-1.1916571115246206,0.8825992664964641,-1.243402122996029,0.46193496941646706
1.1315968367649079,-1.1916571115246206,0.8825992664964641,-1.243402122996029,0.46193496941646706
-1.3187009911508798,-1.1916571115246206,0.8062720507935115,-1.243402122996029,0.11530044054185151
-0.1584461785778044,-1.1916571115246206,0.8062720507935115,-1.243402122996029,0.11530044054185151
-1.3187009911508798,-1.1916571115246206,-0.2848803307921931,-1.243402122996029,0.1651347536684849
-1.3187009911508798,-1.1916571115246206,0.2560766591676426,-1.243402122996029,0.46193496941646706
-0.1584461785778044,-1.1916571115246206,0.2560766591676426,-1.243402122996029,0.46193496941646706
1.1315968367649079,-1.1916571115246206,0.2560766591676426,-1.243402122996029,0.46193496941646706
-0.1584461785778044,-1.1916571115246206,0.2560766591676426,-1.243402122996029,0.46193496941646706
-0.1584461785778044,-1.1916571115246206,0.2560766591676426,-1.243402122996029,0.46193496941646706
-1.6050182514198748,-1.1916571115246206,1.6969080860116528,-1.243402122996029,0.31398149818233967
-1.3187009911508798,-1.1916571115246206,1.6969080860116528,-1.243402122996029,0.31398149818233967
-0.8679293346046539,-1.1916571115246206,1.6969080860116528,-1.243402122996029,0.31398149818233967
-0.1584461785778044,-1.1916571115246206,1.6969080860116528,-1.243402122996029,0.31398149818233967
1.1315968367649079,-1.1916571115246206,1.6969080860116528,-1.243402122996029,0.31398149818233967
-0.1584461785778044,-1.1916571115246206,1.6969080860116528,-1.243402122996029,0.31398149818233967
-0.8679293346046539,-1.1916571115246206,0.3551419579831364,-1.243402122996029,0.9981668902644204
-0.1584461785778044,-1.1916571115246206,0.3551419579831364,-1.243402122996029,0.9981668902644204
-0.1584461785778044,-1.1916571115246206,0.3551419579831364,-1.243402122996029,0.9981668902644204
-0.1584461785778044,-1.1916571115246206,0.18795483551928807,-1.243402122996029,0.9981668902644204
-0.1584461785778044,-1.1916571115246206,0.9099478120192367,-1.243402122996029,0.11530044054185151
-1.6050182514198748,-1.1916571115246206,1.4369290050318115,-1.243402122996029,0.46193496941646706
-1.3187009911508798,-1.1916571115246206,1.6800359380163694,-1.243402122996029,-1.901687553039727
-0.1584461785778044,-1.1916571115246206,1.6800359380163694,-1.243402122996029,-1.901687553039727
-0.1584461785778044,0.32633325077525566,-0.07571803260473359,0.545450349414273,1.335242516376545
-0.1584461785778044,0.8642127297347516,-1.3300883194841857,1.8741357296088468,-0.1862955367981944
-0.1584461785778044,0.6094232532004611,-1.4332363439087226,0.697763316315037,1.8123205872299242
-0.1584461785778044,0.40696119916697143,-1.524733350506375,0.545450349414273,0.949772834402755
-0.1584461785778044,0.8037954308088047,-1.4592609761238038,1.755995942190678,-0.7492147603647584
-0.1584461785778044,0.6030876392139359,0.2560766591676426,2.215226596107097,-0.7492147603647584
-0.1584461785778044,-1.1916571115246206,-1.5642962211516984,1.755995942190678,-1.269387401170721
-0.1584461785778044,0.5838343982426438,0.20515118220316592,0.04297215941813924,1.5266541721928768
-0.1584461785778044,-1.1916571115246206,0.7496762803306883,0.2195201373435111,0.36339335737978967
-0.1584461785778044,0.6405083093341287,-1.368589578132848,1.385657571096897,-0.38967216366037316
-0.1584461785778044,1.0785842057968444,-1.4462368661834217,0.04297215941813924,0.8527884441682048
-0.1584461785778044,0.6030876392139359,0.2560766591676426,0.697763316315037,-0.7492147603647584
-0.1584461785778044,-1.1916571115246206,0.2137071330338016,0.697763316315037,0.6579808996694315
-0.1584461785778044,-1.1916571115246206,-1.472308616486822,0.9858606652649786,-0.8009105168588366
-0.1584461785778044,0.7449793618481095,-1.590786988404636,0.8443232838675295,-0.44076795974155497
-0.1584461785778044,0.5642001979419496,0.15321548140670907,0.04297215941813924,0.901313947825657
-0.1584461785778044,0.7283140012721583,0.3470204005641773,-0.14526900500593554,0.36339335737978967
-0.1584461785778044,0.849450174271647,0.6921077994130924,0.2195201373435111,0.41270999847868944
-0.1584461785778044,0.5098601601688217,-0.009401073520008884,0.545450349414273,-0.5432381005852742
-0.1584461785778044,0.25676144779791255,-0.2848803307921931,0.3864480317614483,0.5601228725162367
-0.1584461785778044,-1.1916571115246206,-1.2918041491960124,0.9858606652649786,-0.03493314406437228
-0.1584461785778044,1.0941955968286738,-1.4073062932518787,0.8443232838675295,-0.13572239677990686
-0.1584461785778044,0.85439550104992,-1.355731805749533,0.8443232838675295,0.9981668902644204
-0.1584461785778044,-1.1916571115246206,0.15321548140670907,0.04297215941813924,0.1651347536684849
-0.1584461785778044,-1.1916571115246206,0.32251352548181345,0.04297215941813924,1.335242516376545
-0.1584461785778044,0.4523723779068518,0.05513698241571417,0.545450349414273,0.2644705948781785
-0.1584461785778044,0.7394553048413381,0.3873971877982926,0.545450349414273,-0.44076795974155497
-0.1584461785778044,-1.1916571115246206,0.6186900056194703,0.8443232838675295,0.5110715690937722
-0.1584461785778044,0.943950868710079,-1.7246111039621608,-0.14526900500593554,-0.1862955367981944
-0.1584461785778044,0.6405083093341287,0.3551419579831364,0.3864480317614483,0.1651347536684849
-0.1584461785778044,-1.1916571115246206,-1.3045413162273938,1.1229589262300812,-0.08526655357162669
-0.1584461785778044,-1.1916571115246206,0.28949705013056987,0.697763316315037,-0.6460605418212149
-0.1584461785778044,-1.1916571115246206,0.3470204005641773,0.8443232838675295,-0.03493314406437228
-0.1584461785778044,0.7283140012721583,-1.6173696688627845,0.04297215941813924,0.1501965118479407
-0.1584461785778044,0.4523723779068518,0.06421622194360967,0.2195201373435111,-0.28777523051016823
-0.1584461785778044,-1.1916571115246206,0.15321548140670907,0.8443232838675295,1.335242516376545
-0.1584461785778044,0.3754909026085511,-0.15363552605164252,0.04297215941813924,0.6090917526738501
-0.1584461785778044,1.120936723704511,-1.355731805749533,0.9858606652649786,-0.7492147603647584
-0.1584461785778044,1.1579269076446181,-1.2790912879416454,1.1229589262300812,0.015272272247701689
-0.1584461785778044,0.41467540107419554,-0.04707990238699287,0.545450349414273,-0.13572239677990686
-0.1584461785778044,-1.1916571115246206,0.3551419579831364,0.697763316315037,0.6579808996694315
-0.1584461785778044,0.5773327326225836,-1.4984742614027238,0.04297215941813924,0.5110715690937722
-0.1584461785778044,0.849450174271647,-1.368589578132848,0.8443232838675295,-0.3386734363663113
-0.1584461785778044,0.2834248898938373,-0.193419258929272,0.545450349414273,0.901313947825657
-0.1584461785778044,0.21066852168719968,-0.4430753763155424,0.04297215941813924,0.1501965118479407
-0.1584461785778044,-1.1916571115246206,0.28118046363405735,0.3864480317614483,-0.23698126107914957
-0.1584461785778044,0.8294183406444833,-1.4202594669265731,0.545450349414273,0.5110715690937722
-0.1584461785778044,1.042531558482857,-1.5378977974823784,-0.5557255858887628,0.949772834402755
-0.1584461785778044,-1.1916571115246206,0.13566717649902418,0.8443232838675295,1.8597742336550003
-0.1584461785778044,0.957379480524663,-1.711126780170752,-0.5557255858887628,0.6579808996694315
-0.1584461785778044,0.6157186680557545,0.28118046363405735,0.3864480317614483,-0.23698126107914957
-0.1584461785778044,-1.1916571115246206,-1.4592609761238038,0.3864480317614483,0.06534823193382736
-0.1584461785778044,0.6157186680557545,-1.4462368661834217,0.3864480317614483,-0.23698126107914957
-0.1584461785778044,0.5374020092062503,-1.6173696688627845,0.2195201373435111,0.8527884441682048
-0.1584461785778044,1.0667119414733255,-1.4984742614027238,1.1229589262300812,-0.3386734363663113
-0.1584461785778044,-1.1916571115246206,0.1706438012152738,0.697763316315037,1.4310504630088465
-0.1584461785778044,0.6157186680557545,-1.4462368661834217,0.3864480317614483,-0.23698126107914957
-0.1584461785778044,-1.1916571115246206,-1.5115921533514238,1.511982067085735,-1.269387401170721
-0.1584461785778044,-1.1916571115246206,0.3873971877982926,0.8443232838675295,0.8041944384853836
-0.1584461785778044,0.6157186680557545,-1.4462368661834217,0.3864480317614483,-0.23698126107914957
-0.1584461785778044,0.3754909026085511,-0.1834226398464135,-0.14526900500593554,0.6090917526738501
-0.1584461785778044,-1.1916571115246206,-1.381471289850521,0.8443232838675295,1.8123205872299242
-0.1584461785778044,-1.1916571115246206,-1.472308616486822,1.511982067085735,-0.8009105168588366
-0.1584461785778044,-1.1916571115246206,-0.07571803260473359,0.8443232838675295,0.8041944384853836
-0.1584461785778044,0.42992633723267426,-1.4984742614027238,0.2195201373435111,0.015272272247701689
-0.1584461785778044,0.7559359968623245,-1.5775300888581882,0.3864480317614483,0.41270999847868944
-0.1584461785778044,0.29215606790880894,-0.20344941398635452,0.697763316315037,-0.5946066256507673
-0.1584461785778044,0.7113637650934527,0.28118046363405735,0.697763316315037,-0.23698126107914957
-0.1584461785778044,0.44494659674864107,0.027692133483199342,0.2195201373435111,-0.7492147603647584
-0.1584461785778044,-1.1916571115246206,0.46649162510822817,-0.5557255858887628,-0.03493314406437228
-0.1584461785778044,-1.1916571115246206,-1.5510854392539895,0.8443232838675295,-0.08526655357162669
-0.1584461785778044,1.0706852040436068,-1.4853797304090768,0.9858606652649786,-0.44076795974155497
-0.1584461785778044,0.7613692422555373,-1.5642962211516984,0.3864480317614483,0.46193496941646706
-0.1584461785778044,0.7613692422555373,0.4272125017082733,0.3864480317614483,0.6090917526738501
-0.1584461785778044,-1.1916571115246206,-1.4202594669265731,0.545450349414273,0.5110715690937722
-0.1584461785778044,0.8294183406444833,-1.4202594669265731,0.545450349414273,0.5110715690937722
-0.1584461785778044,-1.1916571115246206,-1.684225714892539,0.697763316315037,-0.13572239677990686
-0.1584461785778044,0.38345244680536966,-0.14377458813713676,0.697763316315037,-0.23698126107914957
-0.1584461785778044,0.6157186680557545,0.28949705013056987,0.3864480317614483,-0.1862955367981944
-0.1584461785778044,0.6157186680557545,0.28118046363405735,0.3864480317614483,0.1501965118479407
-0.1584461785778044,0.7774925810077475,-1.5378977974823784,-0.5557255858887628,-0.03493314406437228
-0.1584461785778044,0.5575681816800971,-1.5642962211516984,0.2195201373435111,-0.23698126107914957
-0.1584461785778044,-1.1916571115246206,-1.5115921533514238,1.385657571096897,-0.08526655357162669
-0.1584461785778044,0.4223301446325937,-0.03760568098452209,0.2195201373435111,0.41270999847868944
-0.1584461785778044,-1.1916571115246206,0.15321548140670907,1.1229589262300812,-0.9564476447482678
-0.1584461785778044,0.6157186680557545,0.28118046363405735,0.3864480317614483,-0.23698126107914957
-0.1584461785778044,0.8344643844405556,-1.4202594669265731,0.545450349414273,0.5601228725162367
-0.1584461785778044,0.5441696963555444,0.07326165761436623,0.04297215941813924,0.6090917526738501
-0.1584461785778044,0.7880976144242167,-1.5115921533514238,-0.7760485815911126,-0.5946066256507673
-0.1584461785778044,-1.1916571115246206,-1.5510854392539895,0.3864480317614483,0.949772834402755
-0.1584461785778044,-1.1916571115246206,0.28118046363405735,0.3864480317614483,-0.23698126107914957
-0.1584461785778044,0.7170460963705038,-1.6708090750717213,0.697763316315037,-0.5432381005852742
-0.1584461785778044,-1.1916571115246206,-1.4202594669265731,0.545450349414273,0.5110715690937722
-0.1584461785778044,0.2746163206273757,-0.2540980440079122,0.04297215941813924,0.31398149818233967
-0.1584461785778044,0.943950868710079,-1.3300883194841857,0.697763316315037,1.622062031310894
-0.1584461785778044,0.8930940061238426,-1.6708090750717213,0.04297215941813924,0.8041944384853836
-0.1584461785778044,0.7226960531189542,-1.3045413162273938,0.3864480317614483,0.7067928375145122
-0.1584461785778044,0.9750057060441426,-1.3300883194841857,0.697763316315037,0.949772834402755
-0.1584461785778044,0.9750057060441426,-1.3943768812918838,0.545450349414273,0.8527884441682048
-0.1584461785778044,0.664693569523464,-1.4984742614027238,0.3864480317614483,0.46193496941646706
-0.1584461785778044,0.32633325077525566,-1.684225714892539,0.04297215941813924,0.6579808996694315
-0.1584461785778044,0.9529234737971596,-1.368589578132848,0.2195201373435111,0.901313947825657
-0.1584461785778044,-0.8845693821072522,-1.5642962211516984,0.04297215941813924,-0.3386734363663113
-0.1584461785778044,0.782809278566699,-1.4332363439087226,0.2195201373435111,2.1907927676004246
-0.1584461785778044,0.849450174271647,-1.2664027950462005,0.2195201373435111,0.11530044054185151
-0.1584461785778044,0.15237879368508594,-1.0544896526117429,0.04297215941813924,1.4788773069996872
-0.1584461785778044,0.8037954308088047,-1.4073062932518787,0.2195201373435111,1.8597742336550003
-0.1584461785778044,0.20783378789204132,-0.4441533937194896,0.04297215941813924,0.1501965118479407
-0.1584461785778044,-1.1916571115246206,0.2836781050032916,0.3864480317614483,-0.2116246053138693
-0.1584461785778044,0.8314398420930766,-1.4228529479205054,0.5609652504099596,0.5257957817800505
-0.1584461785778044,1.0445693003120138,-1.5392155187985623,-0.47029232585669456,0.9739778581662734
-0.1584461785778044,-1.1916571115246206,0.13566717649902418,0.7717127635109094,1.8787436710561018
-0.1584461785778044,0.9582682813757569,-1.7097795850377706,-0.5342188000555259,0.6433223743242277
-0.1584461785778044,0.6157186680557545,0.2836781050032916,0.3864480317614483,-0.2116246053138693
-0.1584461785778044,-1.1916571115246206,-1.4644772118111047,0.3701355849537543,0.08534362516384732
-0.1584461785778044,0.6157186680557545,-1.4449357515631738,0.3864480317614483,-0.2116246053138693
-0.1584461785778044,0.5346819604252288,-1.6187012079623977,0.28733803355749843,0.8673532002235752
-0.1584461785778044,1.0667119414733255,-1.491924072287908,1.068619826794959,-0.3488652541893493
-0.1584461785778044,-1.1916571115246206,0.16890629081010441,0.6828045006571444,1.4071179665904678
-0.1584461785778044,0.6157186680557545,-1.4449357515631738,0.3864480317614483,-0.2116246053138693
-0.1584461785778044,-1.1916571115246206,-1.5102793145052806,1.524447519261601,-1.2641527232549388
-0.1584461785778044,-1.1916571115246206,0.39140355265904764,0.815434054497539,0.8041944384853836
-0.1584461785778044,0.6138342342337626,-1.4501416250725825,0.3864480317614483,-0.23190774874396988
-0.1584461785778044,0.371486072378804,-0.18442078832414752,-0.14526900500593554,0.6286568345542123
-0.1584461785778044,-1.1916571115246206,-1.3763157362675462,0.8443232838675295,1.7980760345271876
-0.1584461785778044,-1.1916571115246206,-1.4762274885172013,1.4618220736770526,-0.8164342095979351
-0.1584461785778044,-1.1916571115246206,-0.0795606896048311,0.7863391025295184,0.7896025840571491
-0.1584461785778044,0.4268948290988422,-1.4984742614027238,0.23661326729297402,0.010257627238512996
-0.1584461785778044,0.7581128692013359,-1.5775300888581882,0.45092263995538917,0.3979247878899827
-0.1584461785778044,0.28867279679120594,-0.20445426818188056,0.7570329012759931,-0.6151780876002361
-0.1584461785778044,0.7085103429321814,0.28034740690819504,0.6375755108168886,-0.2572860909018417
-0.1584461785778044,0.44270799035537006,0.027692133483199342,0.2536127228009767,-0.7337212161003255
-0.1584461785778044,-1.1916571115246206,0.47039096327133884,-0.47029232585669456,-0.0399608193850567
-0.1584461785778044,-1.1916571115246206,-1.5537257461666456,0.8586924121354085,-0.09534809846506477
-0.1584461785778044,1.069891826248887,-1.4853797304090768,0.9719153629499727,-0.4509984802173601
-0.1584461785778044,0.762452327543892,-1.5682639599160113,0.4668541571410588,0.4422557650619668
-0.1584461785778044,0.7591995156757383,0.42325550066807405,0.40268158805920384,0.6041984956834321
-0.1584461785778044,-1.1916571115246206,-1.4228529479205054,0.5609652504099596,0.5257957817800505
-0.1584461785778044,0.8314398420930766,-1.4228529479205054,0.5609652504099596,0.5257957817800505
-0.1584461785778044,-1.1916571115246206,-1.6882551185456862,0.697763316315037,-0.12562168647608699
-0.1584461785778044,0.3858285193763038,-0.1418065131390748,0.7570329012759931,-0.24205585559395693
-0.1584461785778044,0.6175995295330915,0.28949705013056987,0.3864480317614483,-0.1913591173035715
-0.1584461785778044,0.6138342342337626,0.2786805274859164,0.3864480317614483,-2.9007715383001043
-0.1584461785778044,0.775357892529742,-1.541851657054636,-0.47029232585669456,-0.0399608193850567
-0.1584461785778044,0.5595624441894496,-1.5669411495602907,0.3040674439805841,-0.23190774874396988
-0.1584461785778044,-1.1916571115246206,-1.5102793145052806,1.385657571096897,-0.06511819448280601
-0.1584461785778044,0.42080390873345497,-0.03760568098452209,0.2195201373435111,0.3929945352720921
-0.1584461785778044,-1.1916571115246206,0.15408972417736416,1.0958702729125607,-0.9772350279003045
-0.1584461785778044,0.6157186680557545,0.2836781050032916,0.3864480317614483,-0.2116246053138693
-0.1584461785778044,0.8339609345797883,-1.417666934063683,0.5764145416139844,0.5503192948812488
-0.1584461785778044,0.5421442311750084,0.07326165761436623,-0.04961544391849081,0.6041984956834321
-0.1584461785778044,0.788624899717863,-1.5142185301434516,-0.7312362536628789,-0.5843260072162609
-0.1584461785778044,-1.1916571115246206,-1.54580760267665,0.35374281027672905,0.9352420551092617
-0.1584461785778044,-1.1916571115246206,0.2786805274859164,0.3864480317614483,-0.23190774874396988
-0.1584461785778044,0.7147770695057152,-1.6654487620440686,0.7570329012759931,-0.5637750983890252
-0.1584461785778044,-1.1916571115246206,-1.4228529479205054,0.5609652504099596,0.5257957817800505
-0.1584461785778044,0.2728451989589617,-0.25103592147715365,0.13257897007064567,0.29418924649132827
-0.1584461785778044,0.32717279790431736,-0.07763865196578562,0.545450349414273,1.320853155677791
-0.1584461785778044,0.8647010474566804,-1.3300883194841857,1.8506993299176966,-0.19642381884865695
-0.1584461785778044,0.6106855357814156,-1.4384337186192468,0.7126647682733172,1.8170678991247502
-0.1584461785778044,0.4038586627818505,-1.5313126712142222,0.5142195175779519,0.9449298918648671
-0.1584461785778044,0.8043144340913536,-1.4618686235876661,1.7916924775606438,-0.7750529764100943
-0.1584461785778044,0.6018156473384184,0.2552358296581205,2.2262831155096037,-0.7595477111031748
-0.1584461785778044,-1.1916571115246206,-1.569587000967261,1.7440472295598661,-1.2484523992176928
-0.1584461785778044,0.5831861452571805,0.2017209664570789,0.07915438496376619,1.5027719218251279
-0.1584461785778044,-1.1916571115246206,0.7518158305910252,0.16765895766508243,0.3732641857058481
-0.1584461785778044,0.6398960581774201,-1.3737393934471307,1.385657571096897,-0.3845678677936471
-0.1584461785778044,1.0774033661245073,-1.4514436828538553,0.09707312383620058,0.8527884441682048
-0.1584461785778044,0.6018156473384184,0.2560766591676426,0.697763316315037,-0.7543808450405228
-0.1584461785778044,-1.1916571115246206,0.21199817180244943,0.6677874956937923,0.6579808996694315
-0.1584461785778044,-1.1916571115246206,-1.4736146725038608,0.9298083119702887,-0.8216102897843607
-0.1584461785778044,0.7427734306925668,-1.592113943042988,0.8299040488606387,-0.4663512446199359
-0.1584461785778044,0.5655212994069303,0.15146609569978023,0.04297215941813924,0.9158585254759882
-0.1584461785778044,0.7294337816379631,0.349459329829181,-0.22389851343827064,0.3880633522891578
-0.1584461785778044,0.849450174271647,0.6921077994130924,0.15017101936691463,0.42748696044913
-0.1584461785778044,0.5091617270640326,-0.011271137478386473,0.6223787727924063,-0.5227151859151855
-0.1584461785778044,0.2576618507103933,-0.28384955795573336,0.43491756086962485,0.5503192948812488
-0.1584461785778044,-1.1916571115246206,-1.2968961028051005,0.9438897298155815,-0.05505146767107524
-0.1584461785778044,1.0961298221696552,-1.412484714595637,0.8009126333170958,-0.12057310262605325
-0.1584461785778044,0.85439550104992,-1.353163129267556,0.8872828874747177,1.0078380724591576
-0.1584461785778044,-1.1916571115246206,0.15408972417736416,0.06112164038657597,0.1850366797998501
-0.1584461785778044,-1.1916571115246206,0.32169290676073475,-0.012205554959443459,1.320853155677791
-0.1584461785778044,0.44866642884522595,0.057864328855333186,0.5764145416139844,0.24463758567871965
-0.1584461785778044,0.7416686220277896,0.38418805580796966,0.5298687957617697,-0.44076795974155497
-0.1584461785778044,-1.1916571115246206,0.6179472726882177,0.8443232838675295,0.5257957817800505
-0.1584461785778044,0.9416949605249485,-1.7246111039621608,-0.04961544391849081,-0.1913591173035715
-0.1584461785778044,0.6380570343072114,0.3591939774899918,0.4668541571410588,0.15517705955145134
-0.1584461785778044,-1.1916571115246206,-1.3019919413480923,1.068619826794959,-0.07518990447932845
-0.1584461785778044,-1.1916571115246206,0.28783576017992407,0.7126647682733172,-0.6512105330722898
-0.1584461785778044,-1.1916571115246206,0.35027183638571435,0.9156804161479704,-0.00981408794878036
-0.1584461785778044,0.7277536365425339,-1.6213649721094376,0.006311482775086209,0.1501965118479407
-0.1584461785778044,0.4523723779068518,0.0678384291174268,0.2195201373435111,-0.26744491682515725
-0.1584461785778044,-1.1916571115246206,0.15496366735122663,0.8586924121354085,1.320853155677791
-0.1584461785778044,0.3754909026085511,-0.15857881294403606,0.024703096220624714,0.6335461313558921
-0.1584461785778044,1.120936723704511,-1.3583014422043902,1.0136188764342122,-0.7285582784743627
-0.1584461785778044,1.156837086059246,-1.2790912879416454,1.0822654978093198,0.025297664639020744
-0.1584461785778044,0.41467540107419554,-0.043285879656946046,0.5298687957617697,-0.15593784998994123
-0.1584461785778044,-1.1916571115246206,0.35676346382843793,0.7570329012759931,0.6579808996694315
-0.1584461785778044,0.5799385128618716,-1.5050302907505602,0.06112164038657597,0.4963396811208808
-0.1584461785778044,0.8479617512506663,-1.3673027226373562,0.8872828874747177,-0.3590610636267847
-0.1584461785778044,0.2878000679260351,-0.19442076780468612,0.48271334804451965,0.881911843675795
